<?xml version = '1.0' encoding = 'UTF-8'?>
<Table class="oracle.dbtools.crest.model.design.relational.Table" directorySegmentName="seg_0" id="03F5739F-015A-C55B-4668-27D1DCF2206F" name="AFILIADO">
<createdBy>braya</createdBy>
<createdTime>2024-08-21 01:42:16 UTC</createdTime>
<generatorID>E362A6D3-2104-24F7-1929-1667534319F5</generatorID>
<ownerDesignName>TALLER 1 V2</ownerDesignName>
<allowColumnReorder>false</allowColumnReorder>
<existDependencyGenerateInDDl>true</existDependencyGenerateInDDl>
<parsed>true</parsed>
<columns itemClass="oracle.dbtools.crest.model.design.relational.Column">
<Column name="idafiliado" id="04A2BCCD-5230-9218-2A93-BA2552EA1C1C">
<createdBy>braya</createdBy>
<createdTime>2024-08-21 01:42:16 UTC</createdTime>
<generatorID>7B059727-235B-7456-92C8-864F0F99C565</generatorID>
<ownerDesignName>TALLER 1 V2</ownerDesignName>
<useDomainConstraints>false</useDomainConstraints>
<use>1</use>
<logicalDatatype>LOGDT011</logicalDatatype>
<ownDataTypeParameters>,,</ownDataTypeParameters>
<autoIncrementCycle>false</autoIncrementCycle>
</Column>
<Column name="nombres" id="BEFCBBBE-0D85-BD3A-3383-61A59CBF076F">
<createdBy>braya</createdBy>
<createdTime>2024-08-21 01:42:16 UTC</createdTime>
<generatorID>D8655170-02FA-E172-A05B-068EFBE14442</generatorID>
<ownerDesignName>TALLER 1 V2</ownerDesignName>
<useDomainConstraints>false</useDomainConstraints>
<use>1</use>
<logicalDatatype>LOGDT024</logicalDatatype>
<dataTypeSize>50</dataTypeSize>
<ownDataTypeParameters>50,,</ownDataTypeParameters>
<autoIncrementCycle>false</autoIncrementCycle>
</Column>
<Column name="apellidos" id="FF14656C-93C8-801E-7DAB-618A93480F25">
<createdBy>braya</createdBy>
<createdTime>2024-08-21 01:42:16 UTC</createdTime>
<generatorID>5A876407-6B0C-6BA8-78B7-BB7BD9E22E86</generatorID>
<ownerDesignName>TALLER 1 V2</ownerDesignName>
<useDomainConstraints>false</useDomainConstraints>
<use>1</use>
<logicalDatatype>LOGDT024</logicalDatatype>
<dataTypeSize>50</dataTypeSize>
<ownDataTypeParameters>50,,</ownDataTypeParameters>
<autoIncrementCycle>false</autoIncrementCycle>
</Column>
<Column name="direccion" id="2B5A530C-F514-4276-41AC-E215E7116409">
<createdBy>braya</createdBy>
<createdTime>2024-08-21 01:42:16 UTC</createdTime>
<generatorID>5DF5B1D2-6234-F950-A376-DFB7DA37ECE7</generatorID>
<ownerDesignName>TALLER 1 V2</ownerDesignName>
<useDomainConstraints>false</useDomainConstraints>
<use>1</use>
<logicalDatatype>LOGDT024</logicalDatatype>
<dataTypeSize>50</dataTypeSize>
<ownDataTypeParameters>50,,</ownDataTypeParameters>
<autoIncrementCycle>false</autoIncrementCycle>
</Column>
<Column name="telefono" id="63D579C8-4976-D3D2-DBD5-25C1BA496CED">
<createdBy>braya</createdBy>
<createdTime>2024-08-21 01:42:16 UTC</createdTime>
<generatorID>3DF73D48-A563-DC81-2767-1784BC33088D</generatorID>
<ownerDesignName>TALLER 1 V2</ownerDesignName>
<useDomainConstraints>false</useDomainConstraints>
<use>1</use>
<logicalDatatype>LOGDT011</logicalDatatype>
<ownDataTypeParameters>,,</ownDataTypeParameters>
<autoIncrementCycle>false</autoIncrementCycle>
</Column>
<Column name="fec_vinculacion" id="1AE729BA-DA99-0562-8468-976272DECA14">
<createdBy>braya</createdBy>
<createdTime>2024-08-21 01:42:16 UTC</createdTime>
<generatorID>A0F10E14-DDD5-DE51-ADE7-8FE8799C3FCF</generatorID>
<ownerDesignName>TALLER 1 V2</ownerDesignName>
<useDomainConstraints>false</useDomainConstraints>
<use>1</use>
<logicalDatatype>LOGDT007</logicalDatatype>
<ownDataTypeParameters>,,</ownDataTypeParameters>
<autoIncrementCycle>false</autoIncrementCycle>
</Column>
<Column name="sexo" id="3B671251-6F03-B3E7-9EA0-3419FDA03330">
<createdBy>braya</createdBy>
<createdTime>2024-08-21 01:42:16 UTC</createdTime>
<generatorID>58016769-E002-2EC1-6C31-A92A629EDC79</generatorID>
<ownerDesignName>TALLER 1 V2</ownerDesignName>
<useDomainConstraints>false</useDomainConstraints>
<use>1</use>
<logicalDatatype>LOGDT024</logicalDatatype>
<dataTypeSize>1</dataTypeSize>
<ownDataTypeParameters>1,,</ownDataTypeParameters>
<autoIncrementCycle>false</autoIncrementCycle>
</Column>
<Column name="fec_nacimiento" id="AB5AFDE2-CDFC-C5FF-6597-7DE772A7E061">
<createdBy>braya</createdBy>
<createdTime>2024-08-21 01:42:16 UTC</createdTime>
<generatorID>0B11A4FC-509A-7628-ADB5-A6A24AE953FE</generatorID>
<ownerDesignName>TALLER 1 V2</ownerDesignName>
<useDomainConstraints>false</useDomainConstraints>
<use>1</use>
<logicalDatatype>LOGDT007</logicalDatatype>
<ownDataTypeParameters>,,</ownDataTypeParameters>
<autoIncrementCycle>false</autoIncrementCycle>
</Column>
<Column name="AFILIADO_idafiliado" id="917B8128-0088-D7F9-B01E-F06C2257B3C7">
<createdBy>braya</createdBy>
<createdTime>2024-08-21 01:42:16 UTC</createdTime>
<generatorID>FCC656F5-EBC6-0D4B-20F5-B3E7805AC61F</generatorID>
<ownerDesignName>TALLER 1 V2</ownerDesignName>
<nullsAllowed>true</nullsAllowed>
<useDomainConstraints>false</useDomainConstraints>
<use>1</use>
<logicalDatatype>LOGDT011</logicalDatatype>
<ownDataTypeParameters>,,</ownDataTypeParameters>
<previousColumn>false</previousColumn>
<autoIncrementCycle>false</autoIncrementCycle>
<associations>
<colAssociation fkAssociation="41B71F54-F280-5FDE-DDC9-8BECA6DA9E80" referredColumn="04A2BCCD-5230-9218-2A93-BA2552EA1C1C"/>
</associations>
</Column>
</columns>
<indexes itemClass="oracle.dbtools.crest.model.design.relational.Index">
<ind_PK_UK id="A8F13F46-0B6D-65D1-1881-0C6D7B9037E2" name="AFILIADO_PK">
<createdBy>braya</createdBy>
<createdTime>2024-08-21 01:42:16 UTC</createdTime>
<generatorID>3AC0F91F-7261-CB89-A422-12C9066A64A9</generatorID>
<ownerDesignName>TALLER 1 V2</ownerDesignName>
<pk>true</pk>
<indexState>Primary Constraint</indexState>
<isSurrogateKey>false</isSurrogateKey>
<indexColumnUsage>
<colUsage columnID="04A2BCCD-5230-9218-2A93-BA2552EA1C1C"/>
</indexColumnUsage>
</ind_PK_UK>
<ind_PK_UK id="93D61564-A90A-4725-07F1-98AC5F3345B2" name="AFILIADO_AFILIADO_FK">
<createdBy>braya</createdBy>
<createdTime>2024-08-21 01:42:16 UTC</createdTime>
<generatorID>0E53759D-9008-F097-A831-18DAE09A3245</generatorID>
<ownerDesignName>TALLER 1 V2</ownerDesignName>
<indexState>Foreign Key</indexState>
<isSurrogateKey>false</isSurrogateKey>
<indexColumnUsage>
<colUsage columnID="917B8128-0088-D7F9-B01E-F06C2257B3C7"/>
</indexColumnUsage>
</ind_PK_UK>
</indexes>
</Table>