<?xml version = '1.0' encoding = 'UTF-8'?>
<Table class="oracle.dbtools.crest.model.design.relational.Table" directorySegmentName="seg_0" id="33C28875-9DB9-C84F-6916-BAD574DB1979" name="COPIA_TITULO">
<createdBy>braya</createdBy>
<createdTime>2024-08-21 01:42:16 UTC</createdTime>
<generatorID>11C4CF5B-3E0E-6557-9CE7-8CFDE9EDD052</generatorID>
<ownerDesignName>TALLER 1 V2</ownerDesignName>
<allowColumnReorder>false</allowColumnReorder>
<existDependencyGenerateInDDl>true</existDependencyGenerateInDDl>
<parsed>true</parsed>
<columns itemClass="oracle.dbtools.crest.model.design.relational.Column">
<Column name="idcopia" id="4686FD52-0EE2-6416-F993-5150AC72C94B">
<createdBy>braya</createdBy>
<createdTime>2024-08-21 01:42:16 UTC</createdTime>
<generatorID>54AC1AB7-C5AC-0038-765F-026591C8052C</generatorID>
<ownerDesignName>TALLER 1 V2</ownerDesignName>
<useDomainConstraints>false</useDomainConstraints>
<use>1</use>
<logicalDatatype>LOGDT011</logicalDatatype>
<ownDataTypeParameters>,,</ownDataTypeParameters>
<autoIncrementCycle>false</autoIncrementCycle>
</Column>
<Column name="estado" id="1049EB2C-3D80-0939-D2F3-D4FD13D3C203">
<createdBy>braya</createdBy>
<createdTime>2024-08-21 01:42:16 UTC</createdTime>
<generatorID>C9581746-5614-F1F8-6FFE-EF9F5B78F73E</generatorID>
<ownerDesignName>TALLER 1 V2</ownerDesignName>
<useDomainConstraints>false</useDomainConstraints>
<use>1</use>
<logicalDatatype>LOGDT006</logicalDatatype>
<dataTypeSize>1</dataTypeSize>
<ownDataTypeParameters>1,,</ownDataTypeParameters>
<autoIncrementCycle>false</autoIncrementCycle>
</Column>
<Column name="formato" id="DAC40297-57DB-0ED2-757D-B9440AA579D0">
<createdBy>braya</createdBy>
<createdTime>2024-08-21 01:42:16 UTC</createdTime>
<generatorID>FF25189E-3495-6010-36D3-3EB8004DE4BB</generatorID>
<ownerDesignName>TALLER 1 V2</ownerDesignName>
<useDomainConstraints>false</useDomainConstraints>
<use>1</use>
<logicalDatatype>LOGDT024</logicalDatatype>
<dataTypeSize>50</dataTypeSize>
<ownDataTypeParameters>50,,</ownDataTypeParameters>
<autoIncrementCycle>false</autoIncrementCycle>
</Column>
<Column name="TITULO_idtitulo" id="240E4390-EE34-50AA-F2AD-0C6992DB0DB2">
<createdBy>braya</createdBy>
<createdTime>2024-08-21 01:42:16 UTC</createdTime>
<generatorID>78098048-8EEF-A6C1-85F7-C36F372AA701</generatorID>
<ownerDesignName>TALLER 1 V2</ownerDesignName>
<useDomainConstraints>false</useDomainConstraints>
<use>1</use>
<logicalDatatype>LOGDT011</logicalDatatype>
<ownDataTypeParameters>,,</ownDataTypeParameters>
<previousColumn>false</previousColumn>
<autoIncrementCycle>false</autoIncrementCycle>
<associations>
<colAssociation fkAssociation="E8EB8D42-E896-72B6-4C5B-C5ECFB2043D1" referredColumn="C24FE046-ED88-EC66-A4C5-1151B84DCBBE"/>
</associations>
</Column>
</columns>
<indexes itemClass="oracle.dbtools.crest.model.design.relational.Index">
<ind_PK_UK id="A7940BD6-A890-49DD-1A35-D656E403310F" name="COPIA_TITULO_PK">
<createdBy>braya</createdBy>
<createdTime>2024-08-21 01:42:16 UTC</createdTime>
<generatorID>5886C74D-A170-107A-F4D7-BCF39DF54B26</generatorID>
<ownerDesignName>TALLER 1 V2</ownerDesignName>
<pk>true</pk>
<indexState>Primary Constraint</indexState>
<isSurrogateKey>false</isSurrogateKey>
<indexColumnUsage>
<colUsage columnID="4686FD52-0EE2-6416-F993-5150AC72C94B"/>
</indexColumnUsage>
</ind_PK_UK>
<ind_PK_UK id="3D46A5B2-ADF6-5815-E113-B3437493C020" name="COPIA_TITULO_TITULO_FK">
<createdBy>braya</createdBy>
<createdTime>2024-08-21 01:42:16 UTC</createdTime>
<generatorID>1F2728D9-35AA-CB66-53ED-726DC639CA10</generatorID>
<ownerDesignName>TALLER 1 V2</ownerDesignName>
<indexState>Foreign Key</indexState>
<isSurrogateKey>false</isSurrogateKey>
<indexColumnUsage>
<colUsage columnID="240E4390-EE34-50AA-F2AD-0C6992DB0DB2"/>
</indexColumnUsage>
</ind_PK_UK>
</indexes>
</Table>