<?xml version = '1.0' encoding = 'UTF-8'?>
<Table class="oracle.dbtools.crest.model.design.relational.Table" directorySegmentName="seg_0" id="5421AABD-E42D-C3F7-3BE6-7E52726654DD" name="RESERVACION">
<createdBy>braya</createdBy>
<createdTime>2024-08-21 01:42:16 UTC</createdTime>
<generatorID>4D742D22-10A4-593C-9C40-F9B0A6D6D9E3</generatorID>
<ownerDesignName>TALLER 1 V2</ownerDesignName>
<allowColumnReorder>false</allowColumnReorder>
<existDependencyGenerateInDDl>true</existDependencyGenerateInDDl>
<parsed>true</parsed>
<columns itemClass="oracle.dbtools.crest.model.design.relational.Column">
<Column name="fecha_reserva" id="ED7371EB-C042-4CA2-C4D7-3BAE9D1BB745">
<createdBy>braya</createdBy>
<createdTime>2024-08-21 01:42:16 UTC</createdTime>
<generatorID>381A0528-BA4B-28CF-9B9D-C5CC21EFE1E8</generatorID>
<ownerDesignName>TALLER 1 V2</ownerDesignName>
<useDomainConstraints>false</useDomainConstraints>
<use>1</use>
<logicalDatatype>LOGDT007</logicalDatatype>
<ownDataTypeParameters>,,</ownDataTypeParameters>
<autoIncrementCycle>false</autoIncrementCycle>
</Column>
<Column name="AFILIADO_idafiliado" id="5FCCD8A2-E655-3EC2-EA08-7D240C57C2FF">
<createdBy>braya</createdBy>
<createdTime>2024-08-21 01:42:16 UTC</createdTime>
<generatorID>846180E8-E913-B3D1-AC9E-D1D3C5E0FECD</generatorID>
<ownerDesignName>TALLER 1 V2</ownerDesignName>
<useDomainConstraints>false</useDomainConstraints>
<use>1</use>
<logicalDatatype>LOGDT011</logicalDatatype>
<ownDataTypeParameters>,,</ownDataTypeParameters>
<previousColumn>false</previousColumn>
<autoIncrementCycle>false</autoIncrementCycle>
<associations>
<colAssociation fkAssociation="627A4E8B-3E0A-4E9E-8A76-73D5716C9CEA" referredColumn="04A2BCCD-5230-9218-2A93-BA2552EA1C1C"/>
</associations>
</Column>
<Column name="TITULO_idtitulo" id="67567D26-77F7-5E47-0ABE-8953B0108B9B">
<createdBy>braya</createdBy>
<createdTime>2024-08-21 01:42:16 UTC</createdTime>
<generatorID>B44EE8B6-5E3D-15A2-575F-AFA9DE8DC98B</generatorID>
<ownerDesignName>TALLER 1 V2</ownerDesignName>
<useDomainConstraints>false</useDomainConstraints>
<use>1</use>
<logicalDatatype>LOGDT011</logicalDatatype>
<ownDataTypeParameters>,,</ownDataTypeParameters>
<previousColumn>false</previousColumn>
<autoIncrementCycle>false</autoIncrementCycle>
<associations>
<colAssociation fkAssociation="5E03F175-E5A4-BF41-453F-3D99645D26F8" referredColumn="C24FE046-ED88-EC66-A4C5-1151B84DCBBE"/>
</associations>
</Column>
</columns>
<indexes itemClass="oracle.dbtools.crest.model.design.relational.Index">
<ind_PK_UK id="14E870CC-4707-04A1-A717-80D1DB2ADA80" name="RESERVACION_PK">
<createdBy>braya</createdBy>
<createdTime>2024-08-21 01:42:16 UTC</createdTime>
<generatorID>2E602FCC-A5AE-CA50-1D90-863695DFD1AF</generatorID>
<ownerDesignName>TALLER 1 V2</ownerDesignName>
<pk>true</pk>
<indexState>Primary Constraint</indexState>
<isSurrogateKey>false</isSurrogateKey>
<indexColumnUsage>
<colUsage columnID="ED7371EB-C042-4CA2-C4D7-3BAE9D1BB745"/>
</indexColumnUsage>
</ind_PK_UK>
<ind_PK_UK id="D7CAE507-C573-0E6D-1230-2AB758C314D3" name="RESERVACION_AFILIADO_FK">
<createdBy>braya</createdBy>
<createdTime>2024-08-21 01:42:16 UTC</createdTime>
<generatorID>D10CDCEB-F93E-70C5-27D5-6C3476A87C76</generatorID>
<ownerDesignName>TALLER 1 V2</ownerDesignName>
<indexState>Foreign Key</indexState>
<isSurrogateKey>false</isSurrogateKey>
<indexColumnUsage>
<colUsage columnID="5FCCD8A2-E655-3EC2-EA08-7D240C57C2FF"/>
</indexColumnUsage>
</ind_PK_UK>
<ind_PK_UK id="E01FF8D3-E9E4-F333-8D31-812CF2F0F974" name="RESERVACION_TITULO_FK">
<createdBy>braya</createdBy>
<createdTime>2024-08-21 01:42:16 UTC</createdTime>
<generatorID>60C37A80-DE3F-C8BD-4660-4EFFFCFBF256</generatorID>
<ownerDesignName>TALLER 1 V2</ownerDesignName>
<indexState>Foreign Key</indexState>
<isSurrogateKey>false</isSurrogateKey>
<indexColumnUsage>
<colUsage columnID="67567D26-77F7-5E47-0ABE-8953B0108B9B"/>
</indexColumnUsage>
</ind_PK_UK>
</indexes>
</Table>