<?xml version = '1.0' encoding = 'UTF-8'?>
<Table class="oracle.dbtools.crest.model.design.relational.Table" directorySegmentName="seg_0" id="66173AF6-6337-2103-9EEB-05905B2BA813" name="RENTA">
<createdBy>braya</createdBy>
<createdTime>2024-08-21 01:42:16 UTC</createdTime>
<generatorID>3DE21B1E-3C39-C527-0BE6-E2962CAE3694</generatorID>
<ownerDesignName>TALLER 1 V2</ownerDesignName>
<allowColumnReorder>false</allowColumnReorder>
<existDependencyGenerateInDDl>true</existDependencyGenerateInDDl>
<parsed>true</parsed>
<columns itemClass="oracle.dbtools.crest.model.design.relational.Column">
<Column name="idrenta" id="31B3B4E9-E56A-FB49-E3DB-7DCCDA45890E">
<createdBy>braya</createdBy>
<createdTime>2024-08-21 01:42:16 UTC</createdTime>
<generatorID>25D000C3-C287-41BB-920D-42B29F6FE0D3</generatorID>
<ownerDesignName>TALLER 1 V2</ownerDesignName>
<useDomainConstraints>false</useDomainConstraints>
<use>1</use>
<logicalDatatype>LOGDT011</logicalDatatype>
<ownDataTypeParameters>,,</ownDataTypeParameters>
<autoIncrementCycle>false</autoIncrementCycle>
</Column>
<Column name="fecha_renta" id="66F2C57A-2036-BD0D-3CFB-755824F8743A">
<createdBy>braya</createdBy>
<createdTime>2024-08-21 01:42:16 UTC</createdTime>
<generatorID>CD30AB3C-24E4-0FA7-8510-22B06FD4254F</generatorID>
<ownerDesignName>TALLER 1 V2</ownerDesignName>
<useDomainConstraints>false</useDomainConstraints>
<use>1</use>
<logicalDatatype>LOGDT007</logicalDatatype>
<ownDataTypeParameters>,,</ownDataTypeParameters>
<autoIncrementCycle>false</autoIncrementCycle>
</Column>
<Column name="fec_devolucion" id="0BDD83DA-4822-5DA1-7E99-C61B1EF977B6">
<createdBy>braya</createdBy>
<createdTime>2024-08-21 01:42:16 UTC</createdTime>
<generatorID>D2886588-0DA8-7B96-3860-AB1BD0E52ED5</generatorID>
<ownerDesignName>TALLER 1 V2</ownerDesignName>
<useDomainConstraints>false</useDomainConstraints>
<use>1</use>
<logicalDatatype>LOGDT007</logicalDatatype>
<ownDataTypeParameters>,,</ownDataTypeParameters>
<autoIncrementCycle>false</autoIncrementCycle>
</Column>
<Column name="fec_entrega" id="0A5D8FF1-53BE-953D-C91C-646091A65013">
<createdBy>braya</createdBy>
<createdTime>2024-08-21 01:42:16 UTC</createdTime>
<generatorID>28FC9877-A16F-82DC-5A0B-3D5A663CA2DA</generatorID>
<ownerDesignName>TALLER 1 V2</ownerDesignName>
<nullsAllowed>true</nullsAllowed>
<useDomainConstraints>false</useDomainConstraints>
<use>1</use>
<logicalDatatype>LOGDT007</logicalDatatype>
<ownDataTypeParameters>,,</ownDataTypeParameters>
<autoIncrementCycle>false</autoIncrementCycle>
</Column>
<Column name="AFILIADO_idafiliado" id="0A835445-AC7D-DAC2-F701-0B4DFAA253A9">
<createdBy>braya</createdBy>
<createdTime>2024-08-21 01:42:16 UTC</createdTime>
<generatorID>5380BDDD-D43E-6761-D4E7-CC5384EDF7C3</generatorID>
<ownerDesignName>TALLER 1 V2</ownerDesignName>
<useDomainConstraints>false</useDomainConstraints>
<use>1</use>
<logicalDatatype>LOGDT011</logicalDatatype>
<ownDataTypeParameters>,,</ownDataTypeParameters>
<previousColumn>false</previousColumn>
<autoIncrementCycle>false</autoIncrementCycle>
<associations>
<colAssociation fkAssociation="44F3F976-F699-01BE-3107-48E8E72BF25A" referredColumn="04A2BCCD-5230-9218-2A93-BA2552EA1C1C"/>
</associations>
</Column>
<Column name="COPIA_TITULO_idcopia" id="B4062FEB-BC5A-DB22-C8CC-DA365338A30E">
<createdBy>braya</createdBy>
<createdTime>2024-08-21 01:42:16 UTC</createdTime>
<generatorID>AFC60850-6961-2EB7-8AC7-C0A586448895</generatorID>
<ownerDesignName>TALLER 1 V2</ownerDesignName>
<useDomainConstraints>false</useDomainConstraints>
<use>1</use>
<logicalDatatype>LOGDT011</logicalDatatype>
<ownDataTypeParameters>,,</ownDataTypeParameters>
<previousColumn>false</previousColumn>
<autoIncrementCycle>false</autoIncrementCycle>
<associations>
<colAssociation fkAssociation="9751312E-1463-12B6-7533-9EC2918503E9" referredColumn="4686FD52-0EE2-6416-F993-5150AC72C94B"/>
</associations>
</Column>
</columns>
<indexes itemClass="oracle.dbtools.crest.model.design.relational.Index">
<ind_PK_UK id="A3ECF951-00B2-9B9B-8254-4DBA64153E80" name="RENTA_PK">
<createdBy>braya</createdBy>
<createdTime>2024-08-21 01:42:16 UTC</createdTime>
<generatorID>F40AB71A-964B-B8B5-E71E-AE073361840D</generatorID>
<ownerDesignName>TALLER 1 V2</ownerDesignName>
<pk>true</pk>
<indexState>Primary Constraint</indexState>
<isSurrogateKey>false</isSurrogateKey>
<indexColumnUsage>
<colUsage columnID="31B3B4E9-E56A-FB49-E3DB-7DCCDA45890E"/>
</indexColumnUsage>
</ind_PK_UK>
<ind_PK_UK id="52507469-7CE7-CEDB-E1EC-B515920D33C3" name="RENTA_AFILIADO_FK">
<createdBy>braya</createdBy>
<createdTime>2024-08-21 01:42:16 UTC</createdTime>
<generatorID>4DD8365D-79BF-9B51-C8A9-1E7DAAA660ED</generatorID>
<ownerDesignName>TALLER 1 V2</ownerDesignName>
<indexState>Foreign Key</indexState>
<isSurrogateKey>false</isSurrogateKey>
<indexColumnUsage>
<colUsage columnID="0A835445-AC7D-DAC2-F701-0B4DFAA253A9"/>
</indexColumnUsage>
</ind_PK_UK>
<ind_PK_UK id="2DCEC901-BD4E-4FAC-E93D-F7B40941551D" name="RENTA_COPIA_TITULO_FK">
<createdBy>braya</createdBy>
<createdTime>2024-08-21 01:42:16 UTC</createdTime>
<generatorID>9CACCBFE-5B9B-F7C8-DD54-DE27B02A34B6</generatorID>
<ownerDesignName>TALLER 1 V2</ownerDesignName>
<indexState>Foreign Key</indexState>
<isSurrogateKey>false</isSurrogateKey>
<indexColumnUsage>
<colUsage columnID="B4062FEB-BC5A-DB22-C8CC-DA365338A30E"/>
</indexColumnUsage>
</ind_PK_UK>
</indexes>
</Table>