<?xml version = '1.0' encoding = 'UTF-8'?>
<Table class="oracle.dbtools.crest.model.design.relational.Table" directorySegmentName="seg_0" id="7E599132-99D3-DDB4-4ED5-F1468B1BC640" name="TITULO">
<createdBy>braya</createdBy>
<createdTime>2024-08-21 01:42:16 UTC</createdTime>
<generatorID>CFAF5227-6EAF-D0C4-C586-C5BA7B6EBA40</generatorID>
<ownerDesignName>TALLER 1 V2</ownerDesignName>
<allowColumnReorder>false</allowColumnReorder>
<existDependencyGenerateInDDl>true</existDependencyGenerateInDDl>
<parsed>true</parsed>
<columns itemClass="oracle.dbtools.crest.model.design.relational.Column">
<Column name="idtitulo" id="C24FE046-ED88-EC66-A4C5-1151B84DCBBE">
<createdBy>braya</createdBy>
<createdTime>2024-08-21 01:42:16 UTC</createdTime>
<generatorID>65B186CD-3403-0DA8-5B83-DC4DCD2EACBD</generatorID>
<ownerDesignName>TALLER 1 V2</ownerDesignName>
<useDomainConstraints>false</useDomainConstraints>
<use>1</use>
<logicalDatatype>LOGDT011</logicalDatatype>
<ownDataTypeParameters>,,</ownDataTypeParameters>
<autoIncrementCycle>false</autoIncrementCycle>
</Column>
<Column name="nombre" id="46C96D3F-0533-AEB5-3D67-C40996F36924">
<createdBy>braya</createdBy>
<createdTime>2024-08-21 01:42:16 UTC</createdTime>
<generatorID>AE268D46-2D96-3889-CC4D-BB5BBAE816A2</generatorID>
<ownerDesignName>TALLER 1 V2</ownerDesignName>
<useDomainConstraints>false</useDomainConstraints>
<use>1</use>
<logicalDatatype>LOGDT024</logicalDatatype>
<dataTypeSize>50</dataTypeSize>
<ownDataTypeParameters>50,,</ownDataTypeParameters>
<autoIncrementCycle>false</autoIncrementCycle>
</Column>
<Column name="descripcion" id="8DCFE21E-03F8-7AE5-0BDB-2D3B89DDC03B">
<createdBy>braya</createdBy>
<createdTime>2024-08-21 01:42:16 UTC</createdTime>
<generatorID>C1B6D994-E934-4040-BDA9-EEF7F5805CC1</generatorID>
<ownerDesignName>TALLER 1 V2</ownerDesignName>
<useDomainConstraints>false</useDomainConstraints>
<use>1</use>
<logicalDatatype>LOGDT024</logicalDatatype>
<dataTypeSize>50</dataTypeSize>
<ownDataTypeParameters>50,,</ownDataTypeParameters>
<autoIncrementCycle>false</autoIncrementCycle>
</Column>
<Column name="rating" id="25CE96C7-A468-C9C8-0BA5-9E5ED5B14852">
<createdBy>braya</createdBy>
<createdTime>2024-08-21 01:42:16 UTC</createdTime>
<generatorID>862839DF-BC90-718B-5589-4411F727A661</generatorID>
<ownerDesignName>TALLER 1 V2</ownerDesignName>
<nullsAllowed>true</nullsAllowed>
<useDomainConstraints>false</useDomainConstraints>
<use>1</use>
<logicalDatatype>LOGDT024</logicalDatatype>
<dataTypeSize>50</dataTypeSize>
<ownDataTypeParameters>50,,</ownDataTypeParameters>
<autoIncrementCycle>false</autoIncrementCycle>
</Column>
<Column name="categoria" id="9F8C386D-CF3C-1D4B-7FAB-B3E5933FF02B">
<createdBy>braya</createdBy>
<createdTime>2024-08-21 01:42:16 UTC</createdTime>
<generatorID>6577E9D9-8E66-96A5-C37C-FBD448B9DE27</generatorID>
<ownerDesignName>TALLER 1 V2</ownerDesignName>
<nullsAllowed>true</nullsAllowed>
<useDomainConstraints>false</useDomainConstraints>
<use>1</use>
<logicalDatatype>LOGDT024</logicalDatatype>
<dataTypeSize>50</dataTypeSize>
<ownDataTypeParameters>50,,</ownDataTypeParameters>
<autoIncrementCycle>false</autoIncrementCycle>
</Column>
<Column name="fecha_liberacion" id="6259B475-D205-8141-0A58-7F38C771E2ED">
<createdBy>braya</createdBy>
<createdTime>2024-08-21 01:42:16 UTC</createdTime>
<generatorID>F2E39CA9-A677-6754-530B-1B58B3439D34</generatorID>
<ownerDesignName>TALLER 1 V2</ownerDesignName>
<nullsAllowed>true</nullsAllowed>
<useDomainConstraints>false</useDomainConstraints>
<use>1</use>
<logicalDatatype>LOGDT007</logicalDatatype>
<ownDataTypeParameters>,,</ownDataTypeParameters>
<autoIncrementCycle>false</autoIncrementCycle>
</Column>
</columns>
<indexes itemClass="oracle.dbtools.crest.model.design.relational.Index">
<ind_PK_UK id="893B46B0-BE3E-898B-8E6F-F717183E4719" name="TITULO_PK">
<createdBy>braya</createdBy>
<createdTime>2024-08-21 01:42:16 UTC</createdTime>
<generatorID>30BF60F6-8B8C-F895-F0C8-BB9B4767B36E</generatorID>
<ownerDesignName>TALLER 1 V2</ownerDesignName>
<pk>true</pk>
<indexState>Primary Constraint</indexState>
<isSurrogateKey>false</isSurrogateKey>
<indexColumnUsage>
<colUsage columnID="C24FE046-ED88-EC66-A4C5-1151B84DCBBE"/>
</indexColumnUsage>
</ind_PK_UK>
</indexes>
</Table>