<?xml version = '1.0' encoding = 'UTF-8'?>
<Relation class="oracle.dbtools.crest.model.design.logical.Relation" name="Relation_7" directorySegmentName="seg_0" id="0E53759D-9008-F097-A831-18DAE09A3245">
<createdBy>braya</createdBy>
<createdTime>2024-08-21 01:38:03 UTC</createdTime>
<ownerDesignName>TALLER 1 V2</ownerDesignName>
<engineerTo>
<item key="84F05352-3DD4-4265-20C0-8B8DF606CE50" value="true"/>
</engineerTo>
<targetPk>3AC0F91F-7261-CB89-A422-12C9066A64A9</targetPk>
<identifying>false</identifying>
<nameOnSource>responsable por</nameOnSource>
<nameOnTarget>manejado por</nameOnTarget>
<optionalSource>true</optionalSource>
<optionalTarget>true</optionalTarget>
<sourceCardinality>1</sourceCardinality>
<sourceEntity>E362A6D3-2104-24F7-1929-1667534319F5</sourceEntity>
<targetCardinalityString>*</targetCardinalityString>
<targetEntity>E362A6D3-2104-24F7-1929-1667534319F5</targetEntity>
<transferable>true</transferable>
<deleteRule>NO ACTION</deleteRule>
</Relation>