<?xml version = '1.0' encoding = 'UTF-8'?>
<Relation class="oracle.dbtools.crest.model.design.logical.Relation" name="Relation_3" directorySegmentName="seg_0" id="1F2728D9-35AA-CB66-53ED-726DC639CA10">
<createdBy>braya</createdBy>
<createdTime>2024-08-21 01:31:29 UTC</createdTime>
<ownerDesignName>TALLER 1 V2</ownerDesignName>
<engineerTo>
<item key="84F05352-3DD4-4265-20C0-8B8DF606CE50" value="true"/>
</engineerTo>
<sourcePk>30BF60F6-8B8C-F895-F0C8-BB9B4767B36E</sourcePk>
<identifying>false</identifying>
<nameOnSource>compuesto de</nameOnSource>
<nameOnTarget>asignada a</nameOnTarget>
<optionalSource>true</optionalSource>
<optionalTarget>false</optionalTarget>
<sourceCardinality>1</sourceCardinality>
<sourceEntity>CFAF5227-6EAF-D0C4-C586-C5BA7B6EBA40</sourceEntity>
<targetCardinalityString>*</targetCardinalityString>
<targetEntity>11C4CF5B-3E0E-6557-9CE7-8CFDE9EDD052</targetEntity>
<transferable>true</transferable>
<deleteRule>NO ACTION</deleteRule>
</Relation>