<?xml version = '1.0' encoding = 'UTF-8'?>
<Relation class="oracle.dbtools.crest.model.design.logical.Relation" name="Relation_4" directorySegmentName="seg_0" id="4DD8365D-79BF-9B51-C8A9-1E7DAAA660ED">
<createdBy>braya</createdBy>
<createdTime>2024-08-21 01:35:54 UTC</createdTime>
<ownerDesignName>TALLER 1 V2</ownerDesignName>
<engineerTo>
<item key="84F05352-3DD4-4265-20C0-8B8DF606CE50" value="true"/>
</engineerTo>
<sourcePk>3AC0F91F-7261-CB89-A422-12C9066A64A9</sourcePk>
<identifying>false</identifying>
<nameOnSource>el generador de</nameOnSource>
<nameOnTarget>para</nameOnTarget>
<optionalSource>true</optionalSource>
<optionalTarget>false</optionalTarget>
<sourceCardinality>1</sourceCardinality>
<sourceEntity>E362A6D3-2104-24F7-1929-1667534319F5</sourceEntity>
<targetCardinalityString>*</targetCardinalityString>
<targetEntity>3DE21B1E-3C39-C527-0BE6-E2962CAE3694</targetEntity>
<transferable>true</transferable>
<deleteRule>NO ACTION</deleteRule>
</Relation>