<?xml version = '1.0' encoding = 'UTF-8'?>
<Relation class="oracle.dbtools.crest.model.design.logical.Relation" name="Relation_2" directorySegmentName="seg_0" id="60C37A80-DE3F-C8BD-4660-4EFFFCFBF256">
<createdBy>braya</createdBy>
<createdTime>2024-08-21 01:25:05 UTC</createdTime>
<ownerDesignName>TALLER 1 V2</ownerDesignName>
<engineerTo>
<item key="84F05352-3DD4-4265-20C0-8B8DF606CE50" value="true"/>
</engineerTo>
<sourcePk>30BF60F6-8B8C-F895-F0C8-BB9B4767B36E</sourcePk>
<identifying>false</identifying>
<nameOnSource>motivo de</nameOnSource>
<nameOnTarget>para</nameOnTarget>
<optionalSource>true</optionalSource>
<optionalTarget>false</optionalTarget>
<sourceCardinality>1</sourceCardinality>
<sourceEntity>CFAF5227-6EAF-D0C4-C586-C5BA7B6EBA40</sourceEntity>
<targetCardinalityString>*</targetCardinalityString>
<targetEntity>4D742D22-10A4-593C-9C40-F9B0A6D6D9E3</targetEntity>
<transferable>true</transferable>
<deleteRule>NO ACTION</deleteRule>
</Relation>