<?xml version = '1.0' encoding = 'UTF-8'?>
<Relation class="oracle.dbtools.crest.model.design.logical.Relation" name="Relation_5" directorySegmentName="seg_0" id="9CACCBFE-5B9B-F7C8-DD54-DE27B02A34B6">
<createdBy>braya</createdBy>
<createdTime>2024-08-21 01:36:34 UTC</createdTime>
<ownerDesignName>TALLER 1 V2</ownerDesignName>
<engineerTo>
<item key="84F05352-3DD4-4265-20C0-8B8DF606CE50" value="true"/>
</engineerTo>
<sourcePk>5886C74D-A170-107A-F4D7-BCF39DF54B26</sourcePk>
<identifying>false</identifying>
<nameOnSource>motivo de</nameOnSource>
<nameOnTarget>para</nameOnTarget>
<optionalSource>true</optionalSource>
<optionalTarget>false</optionalTarget>
<sourceCardinality>1</sourceCardinality>
<sourceEntity>11C4CF5B-3E0E-6557-9CE7-8CFDE9EDD052</sourceEntity>
<targetCardinalityString>*</targetCardinalityString>
<targetEntity>3DE21B1E-3C39-C527-0BE6-E2962CAE3694</targetEntity>
<transferable>true</transferable>
<deleteRule>NO ACTION</deleteRule>
</Relation>