<?xml version = '1.0' encoding = 'UTF-8'?>
<Diagram class="oracle.dbtools.crest.swingui.logical.DPVLogical" name="Logical" id="83979687-0FF7-C52E-5D84-0F397B684325">
<createdBy>braya</createdBy>
<modifiedBy>braya</modifiedBy>
<createdTime>2024-08-20 18:44:42 UTC</createdTime>
<autoRoute>false</autoRoute>
<boxInbox>true</boxInbox>
<showLegend>false</showLegend>
<showLabels>true</showLabels>
<showRelAttributes>false</showRelAttributes>
<gridEnabled>false</gridEnabled>
<showGrid>false</showGrid>
<diagramColor>-1</diagramColor>
<display>false</display>
<notation>1</notation>
<objectViews>
<OView class="oracle.dbtools.crest.swingui.logical.TVEntity" oid="11C4CF5B-3E0E-6557-9CE7-8CFDE9EDD052" otype="Entity" vid="13611E7C-7DF6-28A2-5037-3E55D7342CA2">
<hideElementsInCurrentOnly>false</hideElementsInCurrentOnly>
<bounds x="537" y="511" width="136" height="105"/>
</OView>
<OView class="oracle.dbtools.crest.swingui.logical.TVEntity" oid="3DE21B1E-3C39-C527-0BE6-E2962CAE3694" otype="Entity" vid="0485A630-5C24-645F-4CF2-1CBF675D39FF">
<hideElementsInCurrentOnly>false</hideElementsInCurrentOnly>
<bounds x="131" y="512" width="127" height="96"/>
</OView>
<OView class="oracle.dbtools.crest.swingui.logical.TVEntity" oid="4D742D22-10A4-593C-9C40-F9B0A6D6D9E3" otype="Entity" vid="58ED15D5-B4C0-DD36-24E0-794394E933B6">
<hideElementsInCurrentOnly>false</hideElementsInCurrentOnly>
<bounds x="116" y="52" width="173" height="71"/>
</OView>
<OView class="oracle.dbtools.crest.swingui.logical.TVEntity" oid="CFAF5227-6EAF-D0C4-C586-C5BA7B6EBA40" otype="Entity" vid="C639D631-5DB3-84C3-D05C-449E81374A73">
<hideElementsInCurrentOnly>false</hideElementsInCurrentOnly>
<bounds x="545" y="43" width="132" height="110"/>
</OView>
<OView class="oracle.dbtools.crest.swingui.logical.TVEntity" oid="E362A6D3-2104-24F7-1929-1667534319F5" otype="Entity" vid="E0E926A4-B329-872B-50D5-1ECDB352B0E8">
<hideElementsInCurrentOnly>false</hideElementsInCurrentOnly>
<bounds x="114" y="236" width="142" height="176"/>
</OView>
</objectViews>
<connectors>
<Connector class="oracle.dbtools.crest.swingui.logical.TVRelation" oid="0E53759D-9008-F097-A831-18DAE09A3245" otype="Relation" vid_source="E0E926A4-B329-872B-50D5-1ECDB352B0E8" vid_target="E0E926A4-B329-872B-50D5-1ECDB352B0E8">
<hideElementsInCurrentOnly>false</hideElementsInCurrentOnly>
<backgroundColor>-16777216</backgroundColor>
<lineWidth>1</lineWidth>
<sourceLabel class="oracle.dbtools.crest.model.design.Label">
<site>0</site>
<labelBounds x="361" y="317" width="89" height="30"/>
<noBackgroundColor>true</noBackgroundColor>
<noForegroundColor>true</noForegroundColor>
</sourceLabel>
<targetLabel class="oracle.dbtools.crest.model.design.Label">
<site>2</site>
<labelBounds x="360" y="246" width="85" height="30"/>
<noBackgroundColor>true</noBackgroundColor>
<noForegroundColor>true</noForegroundColor>
</targetLabel>
<points>
<point x="256" y="332"/>
<point x="361" y="332"/>
<point x="360" y="256"/>
<point x="256" y="256"/>
</points>
</Connector>
<Connector class="oracle.dbtools.crest.swingui.logical.TVRelation" oid="1F2728D9-35AA-CB66-53ED-726DC639CA10" otype="Relation" vid_source="C639D631-5DB3-84C3-D05C-449E81374A73" vid_target="13611E7C-7DF6-28A2-5037-3E55D7342CA2">
<hideElementsInCurrentOnly>false</hideElementsInCurrentOnly>
<backgroundColor>-16777216</backgroundColor>
<lineWidth>1</lineWidth>
<sourceLabel class="oracle.dbtools.crest.model.design.Label">
<site>0</site>
<labelBounds x="609" y="197" width="82" height="30"/>
<noBackgroundColor>true</noBackgroundColor>
<noForegroundColor>true</noForegroundColor>
</sourceLabel>
<targetLabel class="oracle.dbtools.crest.model.design.Label">
<site>2</site>
<labelBounds x="609" y="475" width="67" height="30"/>
<noBackgroundColor>true</noBackgroundColor>
<noForegroundColor>true</noForegroundColor>
</targetLabel>
<points>
<point x="609" y="153"/>
<point x="609" y="511"/>
</points>
</Connector>
<Connector class="oracle.dbtools.crest.swingui.logical.TVRelation" oid="4DD8365D-79BF-9B51-C8A9-1E7DAAA660ED" otype="Relation" vid_source="E0E926A4-B329-872B-50D5-1ECDB352B0E8" vid_target="0485A630-5C24-645F-4CF2-1CBF675D39FF">
<hideElementsInCurrentOnly>false</hideElementsInCurrentOnly>
<backgroundColor>-16777216</backgroundColor>
<lineWidth>1</lineWidth>
<sourceLabel class="oracle.dbtools.crest.model.design.Label">
<site>0</site>
<labelBounds x="193" y="456" width="90" height="30"/>
<noBackgroundColor>true</noBackgroundColor>
<noForegroundColor>true</noForegroundColor>
</sourceLabel>
<targetLabel class="oracle.dbtools.crest.model.design.Label">
<site>2</site>
<labelBounds x="193" y="476" width="36" height="30"/>
<noBackgroundColor>true</noBackgroundColor>
<noForegroundColor>true</noForegroundColor>
</targetLabel>
<points>
<point x="193" y="412"/>
<point x="193" y="512"/>
</points>
</Connector>
<Connector class="oracle.dbtools.crest.swingui.logical.TVRelation" oid="60C37A80-DE3F-C8BD-4660-4EFFFCFBF256" otype="Relation" vid_source="C639D631-5DB3-84C3-D05C-449E81374A73" vid_target="58ED15D5-B4C0-DD36-24E0-794394E933B6">
<hideElementsInCurrentOnly>false</hideElementsInCurrentOnly>
<backgroundColor>-16777216</backgroundColor>
<lineWidth>1</lineWidth>
<sourceLabel class="oracle.dbtools.crest.model.design.Label">
<site>0</site>
<labelBounds x="454" y="57" width="85" height="30"/>
<noBackgroundColor>true</noBackgroundColor>
<noForegroundColor>true</noForegroundColor>
</sourceLabel>
<targetLabel class="oracle.dbtools.crest.model.design.Label">
<site>2</site>
<labelBounds x="299" y="90" width="65" height="32"/>
<noBackgroundColor>true</noBackgroundColor>
<noForegroundColor>true</noForegroundColor>
</targetLabel>
<points>
<point x="545" y="87"/>
<point x="289" y="87"/>
</points>
</Connector>
<Connector class="oracle.dbtools.crest.swingui.logical.TVRelation" oid="9CACCBFE-5B9B-F7C8-DD54-DE27B02A34B6" otype="Relation" vid_source="13611E7C-7DF6-28A2-5037-3E55D7342CA2" vid_target="0485A630-5C24-645F-4CF2-1CBF675D39FF">
<hideElementsInCurrentOnly>false</hideElementsInCurrentOnly>
<backgroundColor>-16777216</backgroundColor>
<lineWidth>1</lineWidth>
<sourceLabel class="oracle.dbtools.crest.model.design.Label">
<site>0</site>
<labelBounds x="469" y="530" width="62" height="30"/>
<noBackgroundColor>true</noBackgroundColor>
<noForegroundColor>true</noForegroundColor>
</sourceLabel>
<targetLabel class="oracle.dbtools.crest.model.design.Label">
<site>2</site>
<labelBounds x="268" y="563" width="36" height="30"/>
<noBackgroundColor>true</noBackgroundColor>
<noForegroundColor>true</noForegroundColor>
</targetLabel>
<points>
<point x="537" y="560"/>
<point x="258" y="560"/>
</points>
</Connector>
<Connector class="oracle.dbtools.crest.swingui.logical.TVRelation" oid="D10CDCEB-F93E-70C5-27D5-6C3476A87C76" otype="Relation" vid_source="E0E926A4-B329-872B-50D5-1ECDB352B0E8" vid_target="58ED15D5-B4C0-DD36-24E0-794394E933B6">
<hideElementsInCurrentOnly>false</hideElementsInCurrentOnly>
<backgroundColor>-16777216</backgroundColor>
<lineWidth>1</lineWidth>
<sourceLabel class="oracle.dbtools.crest.model.design.Label">
<site>0</site>
<labelBounds x="186" y="200" width="90" height="30"/>
<noBackgroundColor>true</noBackgroundColor>
<noForegroundColor>true</noForegroundColor>
</sourceLabel>
<targetLabel class="oracle.dbtools.crest.model.design.Label">
<site>2</site>
<labelBounds x="186" y="159" width="51" height="30"/>
<noBackgroundColor>true</noBackgroundColor>
<noForegroundColor>true</noForegroundColor>
</targetLabel>
<points>
<point x="186" y="236"/>
<point x="186" y="123"/>
</points>
</Connector>
</connectors>
</Diagram>