<?xml version = '1.0' encoding = 'UTF-8'?>
<Entity class="oracle.dbtools.crest.model.design.logical.Entity" directorySegmentName="seg_0" id="11C4CF5B-3E0E-6557-9CE7-8CFDE9EDD052" name="COPIA_TITULO">
<createdBy>braya</createdBy>
<createdTime>2024-08-21 01:27:17 UTC</createdTime>
<ownerDesignName>TALLER 1 V2</ownerDesignName>
<engineerTo>
<item key="84F05352-3DD4-4265-20C0-8B8DF606CE50" value="true"/>
</engineerTo>
<adequatelyNormalized>NO</adequatelyNormalized>
<expectedVolumes>0</expectedVolumes>
<fwdEngineeringStrategyName>Single Table</fwdEngineeringStrategyName>
<growthPercent>0</growthPercent>
<growthType>Year</growthType>
<maxVolumes>9999999</maxVolumes>
<minVolumes>0</minVolumes>
<normalForm>Third</normalForm>
<attributes itemClass="oracle.dbtools.crest.model.design.logical.Attribute">
<Attribute name="idcopia" id="54AC1AB7-C5AC-0038-765F-026591C8052C">
<createdBy>braya</createdBy>
<createdTime>2024-08-21 01:27:37 UTC</createdTime>
<ownerDesignName>TALLER 1 V2</ownerDesignName>
<engineerTo>
<item key="84F05352-3DD4-4265-20C0-8B8DF606CE50" value="true"/>
</engineerTo>
<useDomainConstraints>false</useDomainConstraints>
<use>1</use>
<logicalDatatype>LOGDT011</logicalDatatype>
<ownDataTypeParameters>,,</ownDataTypeParameters>
</Attribute>
<Attribute name="estado" id="C9581746-5614-F1F8-6FFE-EF9F5B78F73E">
<createdBy>braya</createdBy>
<createdTime>2024-08-21 01:29:10 UTC</createdTime>
<ownerDesignName>TALLER 1 V2</ownerDesignName>
<engineerTo>
<item key="84F05352-3DD4-4265-20C0-8B8DF606CE50" value="true"/>
</engineerTo>
<useDomainConstraints>false</useDomainConstraints>
<use>1</use>
<logicalDatatype>LOGDT006</logicalDatatype>
<dataTypeSize>1</dataTypeSize>
<ownDataTypeParameters>1,,</ownDataTypeParameters>
</Attribute>
<Attribute name="formato" id="FF25189E-3495-6010-36D3-3EB8004DE4BB">
<createdBy>braya</createdBy>
<createdTime>2024-08-21 01:30:41 UTC</createdTime>
<ownerDesignName>TALLER 1 V2</ownerDesignName>
<engineerTo>
<item key="84F05352-3DD4-4265-20C0-8B8DF606CE50" value="true"/>
</engineerTo>
<useDomainConstraints>false</useDomainConstraints>
<use>1</use>
<logicalDatatype>LOGDT024</logicalDatatype>
<dataTypeSize>50</dataTypeSize>
<ownDataTypeParameters>50,,</ownDataTypeParameters>
</Attribute>
<Attribute name="idtitulo" id="78098048-8EEF-A6C1-85F7-C36F372AA701">
<createdBy>braya</createdBy>
<createdTime>2024-08-21 01:31:29 UTC</createdTime>
<generatorID>1F2728D9-35AA-CB66-53ED-726DC639CA10</generatorID>
<ownerDesignName>TALLER 1 V2</ownerDesignName>
<engineerTo>
<item key="84F05352-3DD4-4265-20C0-8B8DF606CE50" value="true"/>
</engineerTo>
<referedAttribute>65B186CD-3403-0DA8-5B83-DC4DCD2EACBD</referedAttribute>
<useDomainConstraints>false</useDomainConstraints>
<use>1</use>
<logicalDatatype>LOGDT011</logicalDatatype>
<ownDataTypeParameters>,,</ownDataTypeParameters>
</Attribute>
</attributes>
<identifiers itemClass="oracle.dbtools.crest.model.design.logical.CandidateKey">
<identifier id="5886C74D-A170-107A-F4D7-BCF39DF54B26" name="COPIA_TITULO PK">
<createdBy>braya</createdBy>
<createdTime>2024-08-21 01:28:10 UTC</createdTime>
<ownerDesignName>TALLER 1 V2</ownerDesignName>
<engineerTo>
<item key="84F05352-3DD4-4265-20C0-8B8DF606CE50" value="true"/>
</engineerTo>
<pk>true</pk>
<usedAttributes>
<attributeRef>54AC1AB7-C5AC-0038-765F-026591C8052C</attributeRef>
</usedAttributes>
</identifier>
</identifiers>
</Entity>