<?xml version = '1.0' encoding = 'UTF-8'?>
<Entity class="oracle.dbtools.crest.model.design.logical.Entity" directorySegmentName="seg_0" id="3DE21B1E-3C39-C527-0BE6-E2962CAE3694" name="RENTA">
<createdBy>braya</createdBy>
<createdTime>2024-08-21 01:32:14 UTC</createdTime>
<ownerDesignName>TALLER 1 V2</ownerDesignName>
<engineerTo>
<item key="84F05352-3DD4-4265-20C0-8B8DF606CE50" value="true"/>
</engineerTo>
<adequatelyNormalized>NO</adequatelyNormalized>
<expectedVolumes>0</expectedVolumes>
<fwdEngineeringStrategyName>Single Table</fwdEngineeringStrategyName>
<growthPercent>0</growthPercent>
<growthType>Year</growthType>
<maxVolumes>9999999</maxVolumes>
<minVolumes>0</minVolumes>
<normalForm>Third</normalForm>
<attributes itemClass="oracle.dbtools.crest.model.design.logical.Attribute">
<Attribute name="idrenta" id="25D000C3-C287-41BB-920D-42B29F6FE0D3">
<createdBy>braya</createdBy>
<createdTime>2024-08-21 01:32:29 UTC</createdTime>
<ownerDesignName>TALLER 1 V2</ownerDesignName>
<engineerTo>
<item key="84F05352-3DD4-4265-20C0-8B8DF606CE50" value="true"/>
</engineerTo>
<useDomainConstraints>false</useDomainConstraints>
<use>1</use>
<logicalDatatype>LOGDT011</logicalDatatype>
<ownDataTypeParameters>,,</ownDataTypeParameters>
</Attribute>
<Attribute name="fecha_renta" id="CD30AB3C-24E4-0FA7-8510-22B06FD4254F">
<createdBy>braya</createdBy>
<createdTime>2024-08-21 01:34:27 UTC</createdTime>
<ownerDesignName>TALLER 1 V2</ownerDesignName>
<engineerTo>
<item key="84F05352-3DD4-4265-20C0-8B8DF606CE50" value="true"/>
</engineerTo>
<useDomainConstraints>false</useDomainConstraints>
<use>1</use>
<logicalDatatype>LOGDT007</logicalDatatype>
<ownDataTypeParameters>,,</ownDataTypeParameters>
</Attribute>
<Attribute name="fec_devolucion" id="D2886588-0DA8-7B96-3860-AB1BD0E52ED5">
<createdBy>braya</createdBy>
<createdTime>2024-08-21 01:34:55 UTC</createdTime>
<ownerDesignName>TALLER 1 V2</ownerDesignName>
<engineerTo>
<item key="84F05352-3DD4-4265-20C0-8B8DF606CE50" value="true"/>
</engineerTo>
<useDomainConstraints>false</useDomainConstraints>
<use>1</use>
<logicalDatatype>LOGDT007</logicalDatatype>
<ownDataTypeParameters>,,</ownDataTypeParameters>
</Attribute>
<Attribute name="fec_entrega" id="28FC9877-A16F-82DC-5A0B-3D5A663CA2DA">
<createdBy>braya</createdBy>
<createdTime>2024-08-21 01:35:13 UTC</createdTime>
<ownerDesignName>TALLER 1 V2</ownerDesignName>
<engineerTo>
<item key="84F05352-3DD4-4265-20C0-8B8DF606CE50" value="true"/>
</engineerTo>
<nullsAllowed>true</nullsAllowed>
<useDomainConstraints>false</useDomainConstraints>
<use>1</use>
<logicalDatatype>LOGDT007</logicalDatatype>
<ownDataTypeParameters>,,</ownDataTypeParameters>
</Attribute>
<Attribute name="idafiliado" id="5380BDDD-D43E-6761-D4E7-CC5384EDF7C3">
<createdBy>braya</createdBy>
<createdTime>2024-08-21 01:35:54 UTC</createdTime>
<generatorID>4DD8365D-79BF-9B51-C8A9-1E7DAAA660ED</generatorID>
<ownerDesignName>TALLER 1 V2</ownerDesignName>
<engineerTo>
<item key="84F05352-3DD4-4265-20C0-8B8DF606CE50" value="true"/>
</engineerTo>
<referedAttribute>7B059727-235B-7456-92C8-864F0F99C565</referedAttribute>
<useDomainConstraints>false</useDomainConstraints>
<use>1</use>
<logicalDatatype>LOGDT011</logicalDatatype>
<ownDataTypeParameters>,,</ownDataTypeParameters>
</Attribute>
<Attribute name="idcopia" id="AFC60850-6961-2EB7-8AC7-C0A586448895">
<createdBy>braya</createdBy>
<createdTime>2024-08-21 01:36:34 UTC</createdTime>
<generatorID>9CACCBFE-5B9B-F7C8-DD54-DE27B02A34B6</generatorID>
<ownerDesignName>TALLER 1 V2</ownerDesignName>
<engineerTo>
<item key="84F05352-3DD4-4265-20C0-8B8DF606CE50" value="true"/>
</engineerTo>
<referedAttribute>54AC1AB7-C5AC-0038-765F-026591C8052C</referedAttribute>
<useDomainConstraints>false</useDomainConstraints>
<use>1</use>
<logicalDatatype>LOGDT011</logicalDatatype>
<ownDataTypeParameters>,,</ownDataTypeParameters>
</Attribute>
</attributes>
<identifiers itemClass="oracle.dbtools.crest.model.design.logical.CandidateKey">
<identifier id="F40AB71A-964B-B8B5-E71E-AE073361840D" name="RENTA PK">
<createdBy>braya</createdBy>
<createdTime>2024-08-21 01:32:46 UTC</createdTime>
<ownerDesignName>TALLER 1 V2</ownerDesignName>
<engineerTo>
<item key="84F05352-3DD4-4265-20C0-8B8DF606CE50" value="true"/>
</engineerTo>
<pk>true</pk>
<usedAttributes>
<attributeRef>25D000C3-C287-41BB-920D-42B29F6FE0D3</attributeRef>
</usedAttributes>
</identifier>
</identifiers>
</Entity>