<?xml version = '1.0' encoding = 'UTF-8'?>
<Entity class="oracle.dbtools.crest.model.design.logical.Entity" directorySegmentName="seg_0" id="4D742D22-10A4-593C-9C40-F9B0A6D6D9E3" name="RESERVACION">
<createdBy>braya</createdBy>
<createdTime>2024-08-21 00:58:02 UTC</createdTime>
<ownerDesignName>TALLER 1 V2</ownerDesignName>
<engineerTo>
<item key="84F05352-3DD4-4265-20C0-8B8DF606CE50" value="true"/>
</engineerTo>
<adequatelyNormalized>NO</adequatelyNormalized>
<expectedVolumes>0</expectedVolumes>
<fwdEngineeringStrategyName>Single Table</fwdEngineeringStrategyName>
<growthPercent>0</growthPercent>
<growthType>Year</growthType>
<maxVolumes>9999999</maxVolumes>
<minVolumes>0</minVolumes>
<normalForm>Third</normalForm>
<attributes itemClass="oracle.dbtools.crest.model.design.logical.Attribute">
<Attribute name="fecha_reserva" id="381A0528-BA4B-28CF-9B9D-C5CC21EFE1E8">
<createdBy>braya</createdBy>
<createdTime>2024-08-21 00:58:34 UTC</createdTime>
<ownerDesignName>TALLER 1 V2</ownerDesignName>
<engineerTo>
<item key="84F05352-3DD4-4265-20C0-8B8DF606CE50" value="true"/>
</engineerTo>
<useDomainConstraints>false</useDomainConstraints>
<use>1</use>
<logicalDatatype>LOGDT007</logicalDatatype>
<ownDataTypeParameters>,,</ownDataTypeParameters>
</Attribute>
<Attribute name="idafiliado" id="846180E8-E913-B3D1-AC9E-D1D3C5E0FECD">
<createdBy>braya</createdBy>
<createdTime>2024-08-21 01:02:12 UTC</createdTime>
<generatorID>D10CDCEB-F93E-70C5-27D5-6C3476A87C76</generatorID>
<ownerDesignName>TALLER 1 V2</ownerDesignName>
<engineerTo>
<item key="84F05352-3DD4-4265-20C0-8B8DF606CE50" value="true"/>
</engineerTo>
<referedAttribute>7B059727-235B-7456-92C8-864F0F99C565</referedAttribute>
<useDomainConstraints>false</useDomainConstraints>
<use>1</use>
<logicalDatatype>LOGDT011</logicalDatatype>
<ownDataTypeParameters>,,</ownDataTypeParameters>
</Attribute>
<Attribute name="idtitulo" id="B44EE8B6-5E3D-15A2-575F-AFA9DE8DC98B">
<createdBy>braya</createdBy>
<createdTime>2024-08-21 01:25:05 UTC</createdTime>
<generatorID>60C37A80-DE3F-C8BD-4660-4EFFFCFBF256</generatorID>
<ownerDesignName>TALLER 1 V2</ownerDesignName>
<engineerTo>
<item key="84F05352-3DD4-4265-20C0-8B8DF606CE50" value="true"/>
</engineerTo>
<referedAttribute>65B186CD-3403-0DA8-5B83-DC4DCD2EACBD</referedAttribute>
<useDomainConstraints>false</useDomainConstraints>
<use>1</use>
<logicalDatatype>LOGDT011</logicalDatatype>
<ownDataTypeParameters>,,</ownDataTypeParameters>
</Attribute>
</attributes>
<identifiers itemClass="oracle.dbtools.crest.model.design.logical.CandidateKey">
<identifier id="2E602FCC-A5AE-CA50-1D90-863695DFD1AF" name="RESERVACION PK">
<createdBy>braya</createdBy>
<createdTime>2024-08-21 00:59:01 UTC</createdTime>
<ownerDesignName>TALLER 1 V2</ownerDesignName>
<engineerTo>
<item key="84F05352-3DD4-4265-20C0-8B8DF606CE50" value="true"/>
</engineerTo>
<pk>true</pk>
<usedAttributes>
<attributeRef>381A0528-BA4B-28CF-9B9D-C5CC21EFE1E8</attributeRef>
</usedAttributes>
</identifier>
</identifiers>
</Entity>