<?xml version = '1.0' encoding = 'UTF-8'?>
<Diagram class="oracle.dbtools.crest.swingui.relational.DPVRelational" name="Relational_1" id="15794F2C-10E4-E878-92F5-ABBE41E82D1A">
<createdBy>braya</createdBy>
<modifiedBy>braya</modifiedBy>
<createdTime>2024-08-21 00:39:50 UTC</createdTime>
<autoRoute>false</autoRoute>
<boxInbox>true</boxInbox>
<showLegend>false</showLegend>
<showLabels>false</showLabels>
<showRelAttributes>false</showRelAttributes>
<gridEnabled>false</gridEnabled>
<showGrid>false</showGrid>
<diagramColor>-1</diagramColor>
<display>false</display>
<notation>1</notation>
<objectViews>
<OView class="oracle.dbtools.crest.swingui.relational.TVTable" oid="03F5739F-015A-C55B-4668-27D1DCF2206F" otype="Table" vid="C6DA96DF-7A7E-EFF3-C83A-EFD59FC4DFD0">
<hideElementsInCurrentOnly>false</hideElementsInCurrentOnly>
<bounds x="2" y="290" width="396" height="210"/>
</OView>
<OView class="oracle.dbtools.crest.swingui.relational.TVTable" oid="33C28875-9DB9-C84F-6916-BAD574DB1979" otype="Table" vid="D135CA01-5A75-4978-E52E-C75674B9FE92">
<hideElementsInCurrentOnly>false</hideElementsInCurrentOnly>
<bounds x="897" y="768" width="277" height="146"/>
</OView>
<OView class="oracle.dbtools.crest.swingui.relational.TVTable" oid="5421AABD-E42D-C3F7-3BE6-7E52726654DD" otype="Table" vid="78815DD3-6B83-8E21-CD03-BE90FA78AC93">
<hideElementsInCurrentOnly>false</hideElementsInCurrentOnly>
<bounds x="101" y="0" width="282" height="158"/>
</OView>
<OView class="oracle.dbtools.crest.swingui.relational.TVTable" oid="66173AF6-6337-2103-9EEB-05905B2BA813" otype="Table" vid="B3E70093-CD01-CF80-1F47-682328F7C483">
<hideElementsInCurrentOnly>false</hideElementsInCurrentOnly>
<bounds x="56" y="718" width="317" height="195"/>
</OView>
<OView class="oracle.dbtools.crest.swingui.relational.TVTable" oid="7E599132-99D3-DDB4-4ED5-F1468B1BC640" otype="Table" vid="6FF8FE38-B29C-7637-60C8-8F66DFAE24E6">
<hideElementsInCurrentOnly>false</hideElementsInCurrentOnly>
<bounds x="852" y="10" width="272" height="152"/>
</OView>
</objectViews>
<connectors>
<Connector class="oracle.dbtools.crest.swingui.relational.TVFKRelation" oid="41B71F54-F280-5FDE-DDC9-8BECA6DA9E80" otype="FKIndexAssociation" vid_source="C6DA96DF-7A7E-EFF3-C83A-EFD59FC4DFD0" vid_target="C6DA96DF-7A7E-EFF3-C83A-EFD59FC4DFD0">
<hideElementsInCurrentOnly>false</hideElementsInCurrentOnly>
<backgroundColor>-16777216</backgroundColor>
<lineWidth>1</lineWidth>
<points>
<point x="398" y="431"/>
<point x="675" y="431"/>
<point x="676" y="332"/>
<point x="398" y="332"/>
</points>
</Connector>
<Connector class="oracle.dbtools.crest.swingui.relational.TVFKRelation" oid="44F3F976-F699-01BE-3107-48E8E72BF25A" otype="FKIndexAssociation" vid_source="C6DA96DF-7A7E-EFF3-C83A-EFD59FC4DFD0" vid_target="B3E70093-CD01-CF80-1F47-682328F7C483">
<hideElementsInCurrentOnly>false</hideElementsInCurrentOnly>
<backgroundColor>-16777216</backgroundColor>
<lineWidth>1</lineWidth>
<points>
<point x="214" y="500"/>
<point x="214" y="718"/>
</points>
</Connector>
<Connector class="oracle.dbtools.crest.swingui.relational.TVFKRelation" oid="5E03F175-E5A4-BF41-453F-3D99645D26F8" otype="FKIndexAssociation" vid_source="6FF8FE38-B29C-7637-60C8-8F66DFAE24E6" vid_target="78815DD3-6B83-8E21-CD03-BE90FA78AC93">
<hideElementsInCurrentOnly>false</hideElementsInCurrentOnly>
<backgroundColor>-16777216</backgroundColor>
<lineWidth>1</lineWidth>
<points>
<point x="852" y="84"/>
<point x="383" y="84"/>
</points>
</Connector>
<Connector class="oracle.dbtools.crest.swingui.relational.TVFKRelation" oid="627A4E8B-3E0A-4E9E-8A76-73D5716C9CEA" otype="FKIndexAssociation" vid_source="C6DA96DF-7A7E-EFF3-C83A-EFD59FC4DFD0" vid_target="78815DD3-6B83-8E21-CD03-BE90FA78AC93">
<hideElementsInCurrentOnly>false</hideElementsInCurrentOnly>
<backgroundColor>-16777216</backgroundColor>
<lineWidth>1</lineWidth>
<points>
<point x="242" y="290"/>
<point x="242" y="158"/>
</points>
</Connector>
<Connector class="oracle.dbtools.crest.swingui.relational.TVFKRelation" oid="9751312E-1463-12B6-7533-9EC2918503E9" otype="FKIndexAssociation" vid_source="D135CA01-5A75-4978-E52E-C75674B9FE92" vid_target="B3E70093-CD01-CF80-1F47-682328F7C483">
<hideElementsInCurrentOnly>false</hideElementsInCurrentOnly>
<backgroundColor>-16777216</backgroundColor>
<lineWidth>1</lineWidth>
<points>
<point x="897" y="840"/>
<point x="373" y="840"/>
</points>
</Connector>
<Connector class="oracle.dbtools.crest.swingui.relational.TVFKRelation" oid="E8EB8D42-E896-72B6-4C5B-C5ECFB2043D1" otype="FKIndexAssociation" vid_source="6FF8FE38-B29C-7637-60C8-8F66DFAE24E6" vid_target="D135CA01-5A75-4978-E52E-C75674B9FE92">
<hideElementsInCurrentOnly>false</hideElementsInCurrentOnly>
<backgroundColor>-16777216</backgroundColor>
<lineWidth>1</lineWidth>
<points>
<point x="1010" y="162"/>
<point x="1010" y="768"/>
</points>
</Connector>
</connectors>
</Diagram>