<?xml version = '1.0' encoding = 'UTF-8'?>
<Relation class="oracle.dbtools.crest.model.design.logical.Relation" name="recomendaciones" directorySegmentName="seg_0" id="070DB593-FDAA-A503-DE57-533919416693">
<createdBy>57318</createdBy>
<createdTime>2024-08-22 14:12:06 UTC</createdTime>
<ownerDesignName>modelo de netflix</ownerDesignName>
<engineerTo>
<item key="DC4FD6CA-04D2-AA93-3438-FE269600FBC8" value="true"/>
</engineerTo>
<targetPk>F13027AA-2EA9-E099-A4A8-4FE362833C97</targetPk>
<identifying>false</identifying>
<nameOnSource>puede relacionarse con</nameOnSource>
<nameOnTarget>debe concidir con</nameOnTarget>
<optionalSource>true</optionalSource>
<optionalTarget>false</optionalTarget>
<sourceCardinality>1</sourceCardinality>
<sourceEntity>B866ADFF-F2AD-A3D2-6DAF-1DD6078A18A0</sourceEntity>
<targetCardinalityString>*</targetCardinalityString>
<targetEntity>B866ADFF-F2AD-A3D2-6DAF-1DD6078A18A0</targetEntity>
<transferable>true</transferable>
<deleteRule>NO ACTION</deleteRule>
</Relation>