<?xml version = '1.0' encoding = 'UTF-8'?>
<Relation class="oracle.dbtools.crest.model.design.logical.Relation" name="Relation_9" directorySegmentName="seg_0" id="652E5E36-DC18-743A-D704-370EAB35E405">
<createdBy>braya</createdBy>
<createdTime>2024-08-27 14:07:30 UTC</createdTime>
<ownerDesignName>modelo de netflix</ownerDesignName>
<engineerTo>
<item key="DC4FD6CA-04D2-AA93-3438-FE269600FBC8" value="true"/>
</engineerTo>
<sourcePk>82B290A8-F600-B22E-2FB7-9F88B60807BD</sourcePk>
<identifying>false</identifying>
<nameOnSource>puede ver</nameOnSource>
<nameOnTarget>es visto</nameOnTarget>
<optionalSource>true</optionalSource>
<optionalTarget>false</optionalTarget>
<sourceCardinality>1</sourceCardinality>
<sourceEntity>16E0517D-F65A-E885-CF3F-55A3B3D37367</sourceEntity>
<targetCardinalityString>*</targetCardinalityString>
<targetEntity>143BAEBD-D1F9-5CB4-4CE2-CC1DF98CE9FF</targetEntity>
<transferable>true</transferable>
<deleteRule>NO ACTION</deleteRule>
</Relation>