<?xml version = '1.0' encoding = 'UTF-8'?>
<Relation class="oracle.dbtools.crest.model.design.logical.Relation" name="Relation_1" directorySegmentName="seg_0" id="66E20FB7-C89D-6E79-B2DE-809AA45D8C5F">
<createdBy>57318</createdBy>
<createdTime>2024-08-22 00:24:25 UTC</createdTime>
<ownerDesignName>modelo de netflix</ownerDesignName>
<engineerTo>
<item key="DC4FD6CA-04D2-AA93-3438-FE269600FBC8" value="true"/>
</engineerTo>
<sourcePk>E757A093-71E7-0987-1F22-46000A12A960</sourcePk>
<identifying>false</identifying>
<nameOnSource>Es generador de</nameOnSource>
<nameOnTarget>corresponde a</nameOnTarget>
<optionalSource>false</optionalSource>
<optionalTarget>false</optionalTarget>
<sourceCardinality>1</sourceCardinality>
<sourceEntity>F40E8A62-F8F5-D070-0A29-F74684390FFF</sourceEntity>
<targetCardinalityString>*</targetCardinalityString>
<targetEntity>16E0517D-F65A-E885-CF3F-55A3B3D37367</targetEntity>
<transferable>true</transferable>
<deleteRule>NO ACTION</deleteRule>
</Relation>