<?xml version = '1.0' encoding = 'UTF-8'?>
<Relation class="oracle.dbtools.crest.model.design.logical.Relation" name="Relation_10" directorySegmentName="seg_0" id="D701C1DB-44BE-79EF-F123-FBBDC7A1E74A">
<createdBy>57318</createdBy>
<createdTime>2024-08-24 01:00:45 UTC</createdTime>
<ownerDesignName>modelo de netflix</ownerDesignName>
<engineerTo>
<item key="DC4FD6CA-04D2-AA93-3438-FE269600FBC8" value="true"/>
</engineerTo>
<sourcePk>F13027AA-2EA9-E099-A4A8-4FE362833C97</sourcePk>
<identifying>false</identifying>
<nameOnSource>genera</nameOnSource>
<nameOnTarget>pertenece a</nameOnTarget>
<optionalSource>true</optionalSource>
<optionalTarget>false</optionalTarget>
<sourceCardinality>1</sourceCardinality>
<sourceEntity>B866ADFF-F2AD-A3D2-6DAF-1DD6078A18A0</sourceEntity>
<targetCardinalityString>*</targetCardinalityString>
<targetEntity>143BAEBD-D1F9-5CB4-4CE2-CC1DF98CE9FF</targetEntity>
<transferable>true</transferable>
<deleteRule>NO ACTION</deleteRule>
</Relation>