<?xml version = '1.0' encoding = 'UTF-8'?>
<Relation class="oracle.dbtools.crest.model.design.logical.Relation" name="Relation_3" directorySegmentName="seg_0" id="DA82E4D1-384A-A33A-89A9-63277270B132">
<createdBy>57318</createdBy>
<createdTime>2024-08-22 00:26:17 UTC</createdTime>
<ownerDesignName>modelo de netflix</ownerDesignName>
<engineerTo>
<item key="DC4FD6CA-04D2-AA93-3438-FE269600FBC8" value="true"/>
</engineerTo>
<sourcePk>F13027AA-2EA9-E099-A4A8-4FE362833C97</sourcePk>
<identifying>false</identifying>
<nameOnSource>puede contener</nameOnSource>
<nameOnTarget>debe ser</nameOnTarget>
<optionalSource>true</optionalSource>
<optionalTarget>false</optionalTarget>
<sourceCardinality>1</sourceCardinality>
<sourceEntity>B866ADFF-F2AD-A3D2-6DAF-1DD6078A18A0</sourceEntity>
<targetCardinalityString>*</targetCardinalityString>
<targetEntity>7CE01745-6E41-2794-1826-BC3E3FCD3B5C</targetEntity>
<transferable>true</transferable>
<deleteRule>NO ACTION</deleteRule>
</Relation>