<?xml version = '1.0' encoding = 'UTF-8'?>
<Relation class="oracle.dbtools.crest.model.design.logical.Relation" name="Relation_8" directorySegmentName="seg_0" id="E720A01B-EEFC-40A7-C612-0E4323ADCD4E">
<createdBy>57318</createdBy>
<createdTime>2024-08-23 18:25:21 UTC</createdTime>
<ownerDesignName>modelo de netflix</ownerDesignName>
<engineerTo>
<item key="DC4FD6CA-04D2-AA93-3438-FE269600FBC8" value="true"/>
</engineerTo>
<sourcePk>E757A093-71E7-0987-1F22-46000A12A960</sourcePk>
<identifying>false</identifying>
<nameOnSource>es generador de</nameOnSource>
<nameOnTarget>realizados por</nameOnTarget>
<optionalSource>false</optionalSource>
<optionalTarget>false</optionalTarget>
<sourceCardinality>1</sourceCardinality>
<sourceEntity>F40E8A62-F8F5-D070-0A29-F74684390FFF</sourceEntity>
<targetCardinalityString>*</targetCardinalityString>
<targetEntity>E71586CC-7BBB-B719-F786-6E835BD95D2A</targetEntity>
<transferable>true</transferable>
<deleteRule>NO ACTION</deleteRule>
</Relation>