<?xml version = '1.0' encoding = 'UTF-8'?>
<Relation class="oracle.dbtools.crest.model.design.logical.Relation" name="Relation_4" directorySegmentName="seg_0" id="FD7DE61D-07E5-986C-87B4-BA07A0FAAC5B">
<createdBy>57318</createdBy>
<createdTime>2024-08-22 00:26:44 UTC</createdTime>
<ownerDesignName>modelo de netflix</ownerDesignName>
<engineerTo>
<item key="DC4FD6CA-04D2-AA93-3438-FE269600FBC8" value="true"/>
</engineerTo>
<sourcePk>3B0AD7F1-749B-8B58-9FB3-1BB66E928110</sourcePk>
<identifying>false</identifying>
<nameOnSource>debe tener</nameOnSource>
<nameOnTarget>debe pertenecer</nameOnTarget>
<optionalSource>true</optionalSource>
<optionalTarget>false</optionalTarget>
<sourceCardinality>1</sourceCardinality>
<sourceEntity>7CE01745-6E41-2794-1826-BC3E3FCD3B5C</sourceEntity>
<targetCardinalityString>*</targetCardinalityString>
<targetEntity>52733F48-C7E5-6F4B-C8D2-6E6CD37A97F4</targetEntity>
<transferable>true</transferable>
<deleteRule>NO ACTION</deleteRule>
</Relation>