<?xml version = '1.0' encoding = 'UTF-8'?>
<FKIndexAssociation class="oracle.dbtools.crest.model.design.relational.FKIndexAssociation" directorySegmentName="seg_0" id="41B71F54-F280-5FDE-DDC9-8BECA6DA9E80" containerWithKeyObject="03F5739F-015A-C55B-4668-27D1DCF2206F" localFKIndex="93D61564-A90A-4725-07F1-98AC5F3345B2" name="AFILIADO_AFILIADO_FK">
<createdBy>braya</createdBy>
<createdTime>2024-08-21 01:42:16 UTC</createdTime>
<generatorID>0E53759D-9008-F097-A831-18DAE09A3245</generatorID>
<ownerDesignName>TALLER 1 V2</ownerDesignName>
<referredTableLongName>AFILIADO</referredTableLongName>
<deleteRule>NO ACTION</deleteRule>
<referredTableID>03F5739F-015A-C55B-4668-27D1DCF2206F</referredTableID>
<keyObject>A8F13F46-0B6D-65D1-1881-0C6D7B9037E2</keyObject>
<referredKeyID>A8F13F46-0B6D-65D1-1881-0C6D7B9037E2</referredKeyID>
<mandatory>false</mandatory>
<refColNames>idafiliado</refColNames>
<transferable>true</transferable>
<rely>false</rely>
<columnDependencyConstraintGenerateInDDL>true</columnDependencyConstraintGenerateInDDL>
</FKIndexAssociation>