<?xml version = '1.0' encoding = 'UTF-8'?>
<FKIndexAssociation class="oracle.dbtools.crest.model.design.relational.FKIndexAssociation" directorySegmentName="seg_0" id="44F3F976-F699-01BE-3107-48E8E72BF25A" containerWithKeyObject="66173AF6-6337-2103-9EEB-05905B2BA813" localFKIndex="52507469-7CE7-CEDB-E1EC-B515920D33C3" name="RENTA_AFILIADO_FK">
<createdBy>braya</createdBy>
<createdTime>2024-08-21 01:42:16 UTC</createdTime>
<generatorID>4DD8365D-79BF-9B51-C8A9-1E7DAAA660ED</generatorID>
<ownerDesignName>TALLER 1 V2</ownerDesignName>
<referredTableLongName>AFILIADO</referredTableLongName>
<deleteRule>NO ACTION</deleteRule>
<referredTableID>03F5739F-015A-C55B-4668-27D1DCF2206F</referredTableID>
<keyObject>A8F13F46-0B6D-65D1-1881-0C6D7B9037E2</keyObject>
<referredKeyID>A8F13F46-0B6D-65D1-1881-0C6D7B9037E2</referredKeyID>
<mandatory>true</mandatory>
<refColNames>idafiliado</refColNames>
<transferable>true</transferable>
<rely>false</rely>
<columnDependencyConstraintGenerateInDDL>true</columnDependencyConstraintGenerateInDDL>
</FKIndexAssociation>