<?xml version = '1.0' encoding = 'UTF-8'?>
<FKIndexAssociation class="oracle.dbtools.crest.model.design.relational.FKIndexAssociation" directorySegmentName="seg_0" id="5E03F175-E5A4-BF41-453F-3D99645D26F8" containerWithKeyObject="5421AABD-E42D-C3F7-3BE6-7E52726654DD" localFKIndex="E01FF8D3-E9E4-F333-8D31-812CF2F0F974" name="RESERVACION_TITULO_FK">
<createdBy>braya</createdBy>
<createdTime>2024-08-21 01:42:16 UTC</createdTime>
<generatorID>60C37A80-DE3F-C8BD-4660-4EFFFCFBF256</generatorID>
<ownerDesignName>TALLER 1 V2</ownerDesignName>
<referredTableLongName>TITULO</referredTableLongName>
<deleteRule>NO ACTION</deleteRule>
<referredTableID>7E599132-99D3-DDB4-4ED5-F1468B1BC640</referredTableID>
<keyObject>893B46B0-BE3E-898B-8E6F-F717183E4719</keyObject>
<referredKeyID>893B46B0-BE3E-898B-8E6F-F717183E4719</referredKeyID>
<mandatory>true</mandatory>
<refColNames>idtitulo</refColNames>
<transferable>true</transferable>
<rely>false</rely>
<columnDependencyConstraintGenerateInDDL>true</columnDependencyConstraintGenerateInDDL>
</FKIndexAssociation>