<?xml version = '1.0' encoding = 'UTF-8'?>
<FKIndexAssociation class="oracle.dbtools.crest.model.design.relational.FKIndexAssociation" directorySegmentName="seg_0" id="627A4E8B-3E0A-4E9E-8A76-73D5716C9CEA" containerWithKeyObject="5421AABD-E42D-C3F7-3BE6-7E52726654DD" localFKIndex="D7CAE507-C573-0E6D-1230-2AB758C314D3" name="RESERVACION_AFILIADO_FK">
<createdBy>braya</createdBy>
<createdTime>2024-08-21 01:42:16 UTC</createdTime>
<generatorID>D10CDCEB-F93E-70C5-27D5-6C3476A87C76</generatorID>
<ownerDesignName>TALLER 1 V2</ownerDesignName>
<referredTableLongName>AFILIADO</referredTableLongName>
<deleteRule>NO ACTION</deleteRule>
<referredTableID>03F5739F-015A-C55B-4668-27D1DCF2206F</referredTableID>
<keyObject>A8F13F46-0B6D-65D1-1881-0C6D7B9037E2</keyObject>
<referredKeyID>A8F13F46-0B6D-65D1-1881-0C6D7B9037E2</referredKeyID>
<mandatory>true</mandatory>
<refColNames>idafiliado</refColNames>
<transferable>true</transferable>
<rely>false</rely>
<columnDependencyConstraintGenerateInDDL>true</columnDependencyConstraintGenerateInDDL>
</FKIndexAssociation>