<?xml version = '1.0' encoding = 'UTF-8'?>
<FKIndexAssociation class="oracle.dbtools.crest.model.design.relational.FKIndexAssociation" directorySegmentName="seg_0" id="9751312E-1463-12B6-7533-9EC2918503E9" containerWithKeyObject="66173AF6-6337-2103-9EEB-05905B2BA813" localFKIndex="2DCEC901-BD4E-4FAC-E93D-F7B40941551D" name="RENTA_COPIA_TITULO_FK">
<createdBy>braya</createdBy>
<createdTime>2024-08-21 01:42:16 UTC</createdTime>
<generatorID>9CACCBFE-5B9B-F7C8-DD54-DE27B02A34B6</generatorID>
<ownerDesignName>TALLER 1 V2</ownerDesignName>
<referredTableLongName>COPIA_TITULO</referredTableLongName>
<deleteRule>NO ACTION</deleteRule>
<referredTableID>33C28875-9DB9-C84F-6916-BAD574DB1979</referredTableID>
<keyObject>A7940BD6-A890-49DD-1A35-D656E403310F</keyObject>
<referredKeyID>A7940BD6-A890-49DD-1A35-D656E403310F</referredKeyID>
<mandatory>true</mandatory>
<refColNames>idcopia</refColNames>
<transferable>true</transferable>
<rely>false</rely>
<columnDependencyConstraintGenerateInDDL>true</columnDependencyConstraintGenerateInDDL>
</FKIndexAssociation>