<?xml version = '1.0' encoding = 'UTF-8'?>
<FKIndexAssociation class="oracle.dbtools.crest.model.design.relational.FKIndexAssociation" directorySegmentName="seg_0" id="E8EB8D42-E896-72B6-4C5B-C5ECFB2043D1" containerWithKeyObject="33C28875-9DB9-C84F-6916-BAD574DB1979" localFKIndex="3D46A5B2-ADF6-5815-E113-B3437493C020" name="COPIA_TITULO_TITULO_FK">
<createdBy>braya</createdBy>
<createdTime>2024-08-21 01:42:16 UTC</createdTime>
<generatorID>1F2728D9-35AA-CB66-53ED-726DC639CA10</generatorID>
<ownerDesignName>TALLER 1 V2</ownerDesignName>
<referredTableLongName>TITULO</referredTableLongName>
<deleteRule>NO ACTION</deleteRule>
<referredTableID>7E599132-99D3-DDB4-4ED5-F1468B1BC640</referredTableID>
<keyObject>893B46B0-BE3E-898B-8E6F-F717183E4719</keyObject>
<referredKeyID>893B46B0-BE3E-898B-8E6F-F717183E4719</referredKeyID>
<mandatory>true</mandatory>
<refColNames>idtitulo</refColNames>
<transferable>true</transferable>
<rely>false</rely>
<columnDependencyConstraintGenerateInDDL>true</columnDependencyConstraintGenerateInDDL>
</FKIndexAssociation>