<?xml version = '1.0' encoding = 'UTF-8'?>
<Diagram class="oracle.dbtools.crest.swingui.logical.DPVLogical" name="Logical" id="D65941F0-42A7-6BF4-D96B-64B798E5D6EC">
<createdBy>57318</createdBy>
<modifiedBy>57318</modifiedBy>
<createdTime>2024-08-21 23:40:30 UTC</createdTime>
<autoRoute>false</autoRoute>
<boxInbox>true</boxInbox>
<showLegend>false</showLegend>
<showLabels>true</showLabels>
<showRelAttributes>false</showRelAttributes>
<gridEnabled>false</gridEnabled>
<showGrid>false</showGrid>
<diagramColor>-1</diagramColor>
<display>false</display>
<notation>1</notation>
<objectViews>
<OView class="oracle.dbtools.crest.swingui.logical.TVEntity" oid="143BAEBD-D1F9-5CB4-4CE2-CC1DF98CE9FF" otype="Entity" vid="AD17A77E-B856-B080-F7B8-C7CA7F73E9C5">
<hideElementsInCurrentOnly>false</hideElementsInCurrentOnly>
<bounds x="278" y="244" width="227" height="85"/>
</OView>
<OView class="oracle.dbtools.crest.swingui.logical.TVEntity" oid="16E0517D-F65A-E885-CF3F-55A3B3D37367" otype="Entity" vid="E39449F0-2DB4-135A-4C61-4C2BA76D0978">
<hideElementsInCurrentOnly>false</hideElementsInCurrentOnly>
<bounds x="60" y="46" width="177" height="138"/>
</OView>
<OView class="oracle.dbtools.crest.swingui.logical.TVEntity" oid="52733F48-C7E5-6F4B-C8D2-6E6CD37A97F4" otype="Entity" vid="B191FD5F-E8FA-290F-98FC-80ABC138AA75">
<hideElementsInCurrentOnly>false</hideElementsInCurrentOnly>
<bounds x="609" y="503" width="151" height="88"/>
</OView>
<OView class="oracle.dbtools.crest.swingui.logical.TVEntity" oid="7CE01745-6E41-2794-1826-BC3E3FCD3B5C" otype="Entity" vid="BB4148DF-4930-DA27-C4E9-2C20CDF6C19E">
<hideElementsInCurrentOnly>false</hideElementsInCurrentOnly>
<bounds x="592" y="344" width="189" height="61"/>
</OView>
<OView class="oracle.dbtools.crest.swingui.logical.TVEntity" oid="B866ADFF-F2AD-A3D2-6DAF-1DD6078A18A0" otype="Entity" vid="97DF040D-A822-8428-6C4E-DDBD62478231">
<hideElementsInCurrentOnly>false</hideElementsInCurrentOnly>
<bounds x="567" y="11" width="244" height="152"/>
</OView>
<OView class="oracle.dbtools.crest.swingui.logical.TVEntity" oid="E71586CC-7BBB-B719-F786-6E835BD95D2A" otype="Entity" vid="5A96EC75-546D-85FC-B5F6-2B863E311B99">
<hideElementsInCurrentOnly>false</hideElementsInCurrentOnly>
<bounds x="43" y="669" width="232" height="144"/>
</OView>
<OView class="oracle.dbtools.crest.swingui.logical.TVEntity" oid="F40E8A62-F8F5-D070-0A29-F74684390FFF" otype="Entity" vid="03F2F570-E6D5-0FE4-DE40-3739906F4CB9">
<hideElementsInCurrentOnly>false</hideElementsInCurrentOnly>
<bounds x="60" y="347" width="190" height="212"/>
</OView>
</objectViews>
<connectors>
<Connector class="oracle.dbtools.crest.swingui.logical.TVRelation" oid="070DB593-FDAA-A503-DE57-533919416693" otype="Relation" vid_source="97DF040D-A822-8428-6C4E-DDBD62478231" vid_target="97DF040D-A822-8428-6C4E-DDBD62478231">
<hideElementsInCurrentOnly>false</hideElementsInCurrentOnly>
<backgroundColor>-16777216</backgroundColor>
<lineWidth>1</lineWidth>
<sourceLabel class="oracle.dbtools.crest.model.design.Label">
<site>0</site>
<labelBounds x="882" y="75" width="127" height="30"/>
<noBackgroundColor>true</noBackgroundColor>
<noForegroundColor>true</noForegroundColor>
</sourceLabel>
<targetLabel class="oracle.dbtools.crest.model.design.Label">
<site>2</site>
<labelBounds x="714" y="193" width="175" height="37"/>
<noBackgroundColor>true</noBackgroundColor>
<noForegroundColor>true</noForegroundColor>
</targetLabel>
<points>
<point x="811" y="90"/>
<point x="882" y="90"/>
<point x="881" y="206"/>
<point x="714" y="206"/>
<point x="714" y="163"/>
</points>
</Connector>
<Connector class="oracle.dbtools.crest.swingui.logical.TVRelation" oid="652E5E36-DC18-743A-D704-370EAB35E405" otype="Relation" vid_source="E39449F0-2DB4-135A-4C61-4C2BA76D0978" vid_target="AD17A77E-B856-B080-F7B8-C7CA7F73E9C5">
<hideElementsInCurrentOnly>false</hideElementsInCurrentOnly>
<backgroundColor>-16777216</backgroundColor>
<lineWidth>1</lineWidth>
<sourceLabel class="oracle.dbtools.crest.model.design.Label">
<site>0</site>
<labelBounds x="247" y="71" width="62" height="30"/>
<noBackgroundColor>true</noBackgroundColor>
<noForegroundColor>true</noForegroundColor>
</sourceLabel>
<targetLabel class="oracle.dbtools.crest.model.design.Label">
<site>2</site>
<labelBounds x="345" y="200" width="49" height="30"/>
<noBackgroundColor>true</noBackgroundColor>
<noForegroundColor>true</noForegroundColor>
</targetLabel>
<points>
<point x="237" y="101"/>
<point x="345" y="101"/>
<point x="345" y="244"/>
</points>
</Connector>
<Connector class="oracle.dbtools.crest.swingui.logical.TVRelation" oid="66E20FB7-C89D-6E79-B2DE-809AA45D8C5F" otype="Relation" vid_source="03F2F570-E6D5-0FE4-DE40-3739906F4CB9" vid_target="E39449F0-2DB4-135A-4C61-4C2BA76D0978">
<hideElementsInCurrentOnly>false</hideElementsInCurrentOnly>
<backgroundColor>-16777216</backgroundColor>
<lineWidth>1</lineWidth>
<sourceLabel class="oracle.dbtools.crest.model.design.Label">
<site>0</site>
<labelBounds x="148" y="311" width="152" height="30"/>
<noBackgroundColor>true</noBackgroundColor>
<noForegroundColor>true</noForegroundColor>
</sourceLabel>
<targetLabel class="oracle.dbtools.crest.model.design.Label">
<site>2</site>
<labelBounds x="148" y="220" width="103" height="30"/>
<noBackgroundColor>true</noBackgroundColor>
<noForegroundColor>true</noForegroundColor>
</targetLabel>
<points>
<point x="148" y="347"/>
<point x="148" y="184"/>
</points>
</Connector>
<Connector class="oracle.dbtools.crest.swingui.logical.TVRelation" oid="D701C1DB-44BE-79EF-F123-FBBDC7A1E74A" otype="Relation" vid_source="97DF040D-A822-8428-6C4E-DDBD62478231" vid_target="AD17A77E-B856-B080-F7B8-C7CA7F73E9C5">
<hideElementsInCurrentOnly>false</hideElementsInCurrentOnly>
<backgroundColor>-16777216</backgroundColor>
<lineWidth>1</lineWidth>
<sourceLabel class="oracle.dbtools.crest.model.design.Label">
<site>0</site>
<labelBounds x="513" y="72" width="48" height="23"/>
<noBackgroundColor>true</noBackgroundColor>
<noForegroundColor>true</noForegroundColor>
</sourceLabel>
<targetLabel class="oracle.dbtools.crest.model.design.Label">
<site>2</site>
<labelBounds x="403" y="208" width="72" height="30"/>
<noBackgroundColor>true</noBackgroundColor>
<noForegroundColor>true</noForegroundColor>
</targetLabel>
<points>
<point x="567" y="95"/>
<point x="403" y="95"/>
<point x="403" y="244"/>
</points>
</Connector>
<Connector class="oracle.dbtools.crest.swingui.logical.TVRelation" oid="DA82E4D1-384A-A33A-89A9-63277270B132" otype="Relation" vid_source="97DF040D-A822-8428-6C4E-DDBD62478231" vid_target="BB4148DF-4930-DA27-C4E9-2C20CDF6C19E">
<hideElementsInCurrentOnly>false</hideElementsInCurrentOnly>
<backgroundColor>-16777216</backgroundColor>
<lineWidth>1</lineWidth>
<sourceLabel class="oracle.dbtools.crest.model.design.Label">
<site>0</site>
<labelBounds x="686" y="220" width="90" height="43"/>
<noBackgroundColor>true</noBackgroundColor>
<noForegroundColor>true</noForegroundColor>
</sourceLabel>
<targetLabel class="oracle.dbtools.crest.model.design.Label">
<site>2</site>
<labelBounds x="686" y="308" width="63" height="30"/>
<noBackgroundColor>true</noBackgroundColor>
<noForegroundColor>true</noForegroundColor>
</targetLabel>
<points>
<point x="686" y="163"/>
<point x="686" y="344"/>
</points>
</Connector>
<Connector class="oracle.dbtools.crest.swingui.logical.TVRelation" oid="E720A01B-EEFC-40A7-C612-0E4323ADCD4E" otype="Relation" vid_source="03F2F570-E6D5-0FE4-DE40-3739906F4CB9" vid_target="5A96EC75-546D-85FC-B5F6-2B863E311B99">
<hideElementsInCurrentOnly>false</hideElementsInCurrentOnly>
<backgroundColor>-16777216</backgroundColor>
<lineWidth>1</lineWidth>
<sourceLabel class="oracle.dbtools.crest.model.design.Label">
<site>0</site>
<labelBounds x="155" y="602" width="93" height="29"/>
<noBackgroundColor>true</noBackgroundColor>
<noForegroundColor>true</noForegroundColor>
</sourceLabel>
<targetLabel class="oracle.dbtools.crest.model.design.Label">
<site>2</site>
<labelBounds x="155" y="633" width="72" height="30"/>
<noBackgroundColor>true</noBackgroundColor>
<noForegroundColor>true</noForegroundColor>
</targetLabel>
<points>
<point x="155" y="559"/>
<point x="155" y="669"/>
</points>
</Connector>
<Connector class="oracle.dbtools.crest.swingui.logical.TVRelation" oid="FD7DE61D-07E5-986C-87B4-BA07A0FAAC5B" otype="Relation" vid_source="BB4148DF-4930-DA27-C4E9-2C20CDF6C19E" vid_target="B191FD5F-E8FA-290F-98FC-80ABC138AA75">
<hideElementsInCurrentOnly>false</hideElementsInCurrentOnly>
<backgroundColor>-16777216</backgroundColor>
<lineWidth>1</lineWidth>
<sourceLabel class="oracle.dbtools.crest.model.design.Label">
<site>0</site>
<labelBounds x="684" y="449" width="64" height="30"/>
<noBackgroundColor>true</noBackgroundColor>
<noForegroundColor>true</noForegroundColor>
</sourceLabel>
<targetLabel class="oracle.dbtools.crest.model.design.Label">
<site>2</site>
<labelBounds x="684" y="467" width="93" height="30"/>
<noBackgroundColor>true</noBackgroundColor>
<noForegroundColor>true</noForegroundColor>
</targetLabel>
<points>
<point x="684" y="405"/>
<point x="684" y="503"/>
</points>
</Connector>
</connectors>
</Diagram>