<?xml version = '1.0' encoding = 'UTF-8'?>
<Table class="oracle.dbtools.crest.model.design.relational.Table" directorySegmentName="seg_0" id="07FA28CC-AADD-D379-A305-87A76BC09ABE" name="TEMPORADA">
<createdBy>57318</createdBy>
<createdTime>2024-08-22 14:46:38 UTC</createdTime>
<generatorID>7CE01745-6E41-2794-1826-BC3E3FCD3B5C</generatorID>
<ownerDesignName>modelo de netflix</ownerDesignName>
<allowColumnReorder>false</allowColumnReorder>
<existDependencyGenerateInDDl>true</existDependencyGenerateInDDl>
<parsed>true</parsed>
<columns itemClass="oracle.dbtools.crest.model.design.relational.Column">
<Column name="id_temporada" id="9A107C6A-489B-CA54-CA94-666A91DF38C4">
<createdBy>57318</createdBy>
<createdTime>2024-08-22 14:46:38 UTC</createdTime>
<generatorID>8AA86006-3C91-91F9-A564-8183C549FA0C</generatorID>
<ownerDesignName>modelo de netflix</ownerDesignName>
<useDomainConstraints>false</useDomainConstraints>
<use>1</use>
<logicalDatatype>LOGDT011</logicalDatatype>
<ownDataTypeParameters>,,</ownDataTypeParameters>
<autoIncrementCycle>false</autoIncrementCycle>
</Column>
<Column name="numero_temporada" id="8FB1A620-E687-7717-0FCC-6A21B8FA2D85">
<createdBy>57318</createdBy>
<createdTime>2024-08-22 14:46:38 UTC</createdTime>
<generatorID>08C22C0D-7907-2D5F-9D08-F24658163DC9</generatorID>
<ownerDesignName>modelo de netflix</ownerDesignName>
<useDomainConstraints>false</useDomainConstraints>
<use>1</use>
<logicalDatatype>LOGDT011</logicalDatatype>
<ownDataTypeParameters>,,</ownDataTypeParameters>
<autoIncrementCycle>false</autoIncrementCycle>
</Column>
<Column name="CONTENIDO_id_contenido" id="FDE4C347-55B7-BCDA-426D-E9B0DE1A3B6D">
<createdBy>57318</createdBy>
<createdTime>2024-08-22 14:46:38 UTC</createdTime>
<generatorID>69C2F356-E519-156E-3625-3794390CBFB4</generatorID>
<ownerDesignName>modelo de netflix</ownerDesignName>
<useDomainConstraints>false</useDomainConstraints>
<use>1</use>
<logicalDatatype>LOGDT011</logicalDatatype>
<ownDataTypeParameters>,,</ownDataTypeParameters>
<previousColumn>false</previousColumn>
<autoIncrementCycle>false</autoIncrementCycle>
<associations>
<colAssociation fkAssociation="FA3AF741-E23E-E4EE-BA27-6AE6E17583DF" referredColumn="5B0BF4AE-7174-7D63-29A7-0D774DE0A23E"/>
</associations>
</Column>
</columns>
<indexes itemClass="oracle.dbtools.crest.model.design.relational.Index">
<ind_PK_UK id="02FEBD41-D135-CC47-8A20-6A9ECA7FA00E" name="TEMPORADA_PK">
<createdBy>57318</createdBy>
<createdTime>2024-08-22 14:46:38 UTC</createdTime>
<generatorID>3B0AD7F1-749B-8B58-9FB3-1BB66E928110</generatorID>
<ownerDesignName>modelo de netflix</ownerDesignName>
<pk>true</pk>
<indexState>Primary Constraint</indexState>
<isSurrogateKey>false</isSurrogateKey>
<indexColumnUsage>
<colUsage columnID="9A107C6A-489B-CA54-CA94-666A91DF38C4"/>
</indexColumnUsage>
</ind_PK_UK>
<ind_PK_UK id="47F2736C-6FAD-BE1C-DBD6-A93DD4337F87" name="TEMPORADA_CONTENIDO_FK">
<createdBy>57318</createdBy>
<createdTime>2024-08-22 14:46:38 UTC</createdTime>
<generatorID>DA82E4D1-384A-A33A-89A9-63277270B132</generatorID>
<ownerDesignName>modelo de netflix</ownerDesignName>
<indexState>Foreign Key</indexState>
<isSurrogateKey>false</isSurrogateKey>
<indexColumnUsage>
<colUsage columnID="FDE4C347-55B7-BCDA-426D-E9B0DE1A3B6D"/>
</indexColumnUsage>
</ind_PK_UK>
</indexes>
</Table>