<?xml version = '1.0' encoding = 'UTF-8'?>
<Table class="oracle.dbtools.crest.model.design.relational.Table" directorySegmentName="seg_0" id="1886DEFF-CF05-3214-ACF9-2635CD537A65" name="USUARIO">
<createdBy>57318</createdBy>
<createdTime>2024-08-22 14:46:38 UTC</createdTime>
<generatorID>F40E8A62-F8F5-D070-0A29-F74684390FFF</generatorID>
<ownerDesignName>modelo de netflix</ownerDesignName>
<allowColumnReorder>false</allowColumnReorder>
<existDependencyGenerateInDDl>true</existDependencyGenerateInDDl>
<parsed>true</parsed>
<columns itemClass="oracle.dbtools.crest.model.design.relational.Column">
<Column name="id_usuario" id="4E2AAD6E-382A-8D0F-02CE-EB3AD37BF10B">
<createdBy>57318</createdBy>
<createdTime>2024-08-22 14:46:38 UTC</createdTime>
<generatorID>20C40B3D-9F82-F919-E8EC-ABD844367CCC</generatorID>
<ownerDesignName>modelo de netflix</ownerDesignName>
<useDomainConstraints>false</useDomainConstraints>
<use>1</use>
<logicalDatatype>LOGDT011</logicalDatatype>
<ownDataTypeParameters>,,</ownDataTypeParameters>
<autoIncrementCycle>false</autoIncrementCycle>
</Column>
<Column name="nombre" id="FF9B1185-A123-9F8A-DCDF-86D92635F6D2">
<createdBy>57318</createdBy>
<createdTime>2024-08-22 14:46:38 UTC</createdTime>
<generatorID>3AA4C6EF-B97D-E4DB-FFDB-05F676C130B3</generatorID>
<ownerDesignName>modelo de netflix</ownerDesignName>
<nullsAllowed>true</nullsAllowed>
<useDomainConstraints>false</useDomainConstraints>
<use>1</use>
<logicalDatatype>LOGDT024</logicalDatatype>
<dataTypeSize>100</dataTypeSize>
<ownDataTypeParameters>100,,</ownDataTypeParameters>
<autoIncrementCycle>false</autoIncrementCycle>
</Column>
<Column name="apellidos" id="273A35F8-A01F-13F9-DCFB-B9729905035E">
<createdBy>57318</createdBy>
<createdTime>2024-08-22 14:46:38 UTC</createdTime>
<generatorID>AE998DCC-AAC5-045B-7DC0-2AEC4782A84C</generatorID>
<ownerDesignName>modelo de netflix</ownerDesignName>
<nullsAllowed>true</nullsAllowed>
<useDomainConstraints>false</useDomainConstraints>
<use>1</use>
<logicalDatatype>LOGDT024</logicalDatatype>
<dataTypeSize>100</dataTypeSize>
<ownDataTypeParameters>100,,</ownDataTypeParameters>
<autoIncrementCycle>false</autoIncrementCycle>
</Column>
<Column name="correo_electronico" id="E8222693-C97A-FD5F-40DB-E642E9355737">
<createdBy>57318</createdBy>
<createdTime>2024-08-22 14:46:38 UTC</createdTime>
<generatorID>60C07575-080A-F1E1-8134-CBB600708E83</generatorID>
<ownerDesignName>modelo de netflix</ownerDesignName>
<useDomainConstraints>false</useDomainConstraints>
<use>1</use>
<logicalDatatype>LOGDT024</logicalDatatype>
<dataTypeSize>100</dataTypeSize>
<ownDataTypeParameters>100,,</ownDataTypeParameters>
<autoIncrementCycle>false</autoIncrementCycle>
</Column>
<Column name="telefono" id="587AEC77-CEA9-33BC-8E54-00993786F302">
<createdBy>57318</createdBy>
<createdTime>2024-08-22 14:46:38 UTC</createdTime>
<generatorID>86A54766-C2E1-E112-D32F-47ABCA9F8CBD</generatorID>
<ownerDesignName>modelo de netflix</ownerDesignName>
<useDomainConstraints>false</useDomainConstraints>
<use>1</use>
<logicalDatatype>LOGDT024</logicalDatatype>
<dataTypeSize>50</dataTypeSize>
<ownDataTypeParameters>50,,</ownDataTypeParameters>
<autoIncrementCycle>false</autoIncrementCycle>
</Column>
<Column name="direccion" id="5ED7F826-2F2F-D303-1D9F-216478836B3B">
<createdBy>57318</createdBy>
<createdTime>2024-08-22 14:46:38 UTC</createdTime>
<generatorID>6AE79D71-16F8-5D0B-40DA-7DEC9D80D6E6</generatorID>
<ownerDesignName>modelo de netflix</ownerDesignName>
<nullsAllowed>true</nullsAllowed>
<useDomainConstraints>false</useDomainConstraints>
<use>1</use>
<logicalDatatype>LOGDT024</logicalDatatype>
<dataTypeSize>255</dataTypeSize>
<ownDataTypeParameters>255,,</ownDataTypeParameters>
<autoIncrementCycle>false</autoIncrementCycle>
</Column>
<Column name="forma_de_pago" id="603781EF-372B-207D-CE96-BBD27F27C3FF">
<createdBy>57318</createdBy>
<createdTime>2024-08-22 14:46:38 UTC</createdTime>
<generatorID>585D7EEA-1B23-DCB9-6170-4D48E568E9F4</generatorID>
<ownerDesignName>modelo de netflix</ownerDesignName>
<useDomainConstraints>false</useDomainConstraints>
<use>1</use>
<logicalDatatype>LOGDT024</logicalDatatype>
<dataTypeSize>50</dataTypeSize>
<ownDataTypeParameters>50,,</ownDataTypeParameters>
<autoIncrementCycle>false</autoIncrementCycle>
</Column>
<Column name="fecha_registro" id="3E8056C3-ACC6-4926-0358-9A4A18F6F3B9">
<createdBy>57318</createdBy>
<createdTime>2024-08-22 14:46:38 UTC</createdTime>
<generatorID>DCEB17C1-14DD-3B28-C0ED-9E265F1139C0</generatorID>
<ownerDesignName>modelo de netflix</ownerDesignName>
<useDomainConstraints>false</useDomainConstraints>
<use>1</use>
<logicalDatatype>LOGDT007</logicalDatatype>
<ownDataTypeParameters>,,</ownDataTypeParameters>
<autoIncrementCycle>false</autoIncrementCycle>
</Column>
<Column name="tipo_suscripcion" id="79C5549E-341E-DD80-9706-5FA7F98F9471">
<createdBy>57318</createdBy>
<createdTime>2024-08-22 14:46:38 UTC</createdTime>
<generatorID>D1C7E0FB-CB17-F9BD-0AA8-D8F83D9E1CDF</generatorID>
<ownerDesignName>modelo de netflix</ownerDesignName>
<useDomainConstraints>false</useDomainConstraints>
<use>1</use>
<logicalDatatype>LOGDT024</logicalDatatype>
<dataTypeSize>50</dataTypeSize>
<ownDataTypeParameters>50,,</ownDataTypeParameters>
<autoIncrementCycle>false</autoIncrementCycle>
</Column>
<Column name="fecha_nacimiento" id="AE0F4A73-A654-B6EC-F65B-ADDF895F3624">
<createdBy>57318</createdBy>
<createdTime>2024-08-22 14:46:38 UTC</createdTime>
<generatorID>FC3053B7-F57A-6F5A-2AE2-569354900EC3</generatorID>
<ownerDesignName>modelo de netflix</ownerDesignName>
<nullsAllowed>true</nullsAllowed>
<useDomainConstraints>false</useDomainConstraints>
<use>1</use>
<logicalDatatype>LOGDT007</logicalDatatype>
<ownDataTypeParameters>,,</ownDataTypeParameters>
<autoIncrementCycle>false</autoIncrementCycle>
</Column>
<Column name="estado_pago_cuenta" id="AA41AA33-6C87-D8FD-3ACC-8654E94AD4DE">
<createdBy>57318</createdBy>
<createdTime>2024-08-23 18:26:29 UTC</createdTime>
<generatorID>8C9E8731-8449-D130-9AC2-7A2DDEB26A1F</generatorID>
<ownerDesignName>modelo de netflix</ownerDesignName>
<useDomainConstraints>false</useDomainConstraints>
<use>1</use>
<logicalDatatype>LOGDT006</logicalDatatype>
<dataTypeSize>1</dataTypeSize>
<ownDataTypeParameters>1,,</ownDataTypeParameters>
<autoIncrementCycle>false</autoIncrementCycle>
</Column>
<Column name="suscripcion_activa" id="1F31221D-5AD5-7553-44F2-ACB9AD97FC8B">
<createdBy>57318</createdBy>
<createdTime>2024-08-24 01:06:15 UTC</createdTime>
<generatorID>AA6C717B-7CD7-22C5-F22C-28ABE4C80863</generatorID>
<ownerDesignName>modelo de netflix</ownerDesignName>
<useDomainConstraints>false</useDomainConstraints>
<use>1</use>
<logicalDatatype>LOGDT006</logicalDatatype>
<dataTypeSize>1</dataTypeSize>
<ownDataTypeParameters>1,,</ownDataTypeParameters>
<autoIncrementCycle>false</autoIncrementCycle>
</Column>
<Column name="red" id="7E735DCA-18B5-25F6-D1CF-5C6CD8BF3BFD">
<createdBy>57318</createdBy>
<createdTime>2024-08-24 01:06:15 UTC</createdTime>
<generatorID>1AC83BDB-1929-511D-4B3F-AF8BE825E79F</generatorID>
<ownerDesignName>modelo de netflix</ownerDesignName>
<nullsAllowed>true</nullsAllowed>
<useDomainConstraints>false</useDomainConstraints>
<use>1</use>
<logicalDatatype>LOGDT024</logicalDatatype>
<dataTypeSize>50</dataTypeSize>
<ownDataTypeParameters>50,,</ownDataTypeParameters>
<autoIncrementCycle>false</autoIncrementCycle>
</Column>
<Column name="plataforma" id="65410C53-DFBB-574A-8621-ECB02973EAAE">
<createdBy>57318</createdBy>
<createdTime>2024-08-24 01:06:15 UTC</createdTime>
<generatorID>C3EE395D-06E6-4924-92F3-89B842DB7639</generatorID>
<ownerDesignName>modelo de netflix</ownerDesignName>
<nullsAllowed>true</nullsAllowed>
<useDomainConstraints>false</useDomainConstraints>
<use>1</use>
<logicalDatatype>LOGDT024</logicalDatatype>
<dataTypeSize>50</dataTypeSize>
<ownDataTypeParameters>50,,</ownDataTypeParameters>
<autoIncrementCycle>false</autoIncrementCycle>
</Column>
<Column name="contraseña" id="CFD60795-F666-D830-76FF-C3F524FC3FC9">
<createdBy>braya</createdBy>
<createdTime>2024-08-26 07:56:59 UTC</createdTime>
<generatorID>41646A64-08BE-1E30-1B0C-9AD93983EE35</generatorID>
<ownerDesignName>modelo de netflix</ownerDesignName>
<useDomainConstraints>false</useDomainConstraints>
<use>1</use>
<logicalDatatype>LOGDT024</logicalDatatype>
<dataTypeSize>50</dataTypeSize>
<ownDataTypeParameters>50,,</ownDataTypeParameters>
<autoIncrementCycle>false</autoIncrementCycle>
</Column>
</columns>
<indexes itemClass="oracle.dbtools.crest.model.design.relational.Index">
<ind_PK_UK id="00E6D428-B4E6-AEFE-91B7-EA7FA3154FF1" name="USUARIO_PK">
<createdBy>57318</createdBy>
<createdTime>2024-08-22 14:46:38 UTC</createdTime>
<generatorID>E757A093-71E7-0987-1F22-46000A12A960</generatorID>
<ownerDesignName>modelo de netflix</ownerDesignName>
<pk>true</pk>
<indexState>Primary Constraint</indexState>
<isSurrogateKey>false</isSurrogateKey>
<indexColumnUsage>
<colUsage columnID="4E2AAD6E-382A-8D0F-02CE-EB3AD37BF10B"/>
</indexColumnUsage>
</ind_PK_UK>
</indexes>
</Table>