<?xml version = '1.0' encoding = 'UTF-8'?>
<Table class="oracle.dbtools.crest.model.design.relational.Table" directorySegmentName="seg_0" id="192ECE05-8F1D-0FCF-D776-9D5ED96B9FA7" name="PAGO">
<createdBy>57318</createdBy>
<createdTime>2024-08-23 18:26:29 UTC</createdTime>
<generatorID>E71586CC-7BBB-B719-F786-6E835BD95D2A</generatorID>
<ownerDesignName>modelo de netflix</ownerDesignName>
<allowColumnReorder>false</allowColumnReorder>
<existDependencyGenerateInDDl>true</existDependencyGenerateInDDl>
<parsed>true</parsed>
<columns itemClass="oracle.dbtools.crest.model.design.relational.Column">
<Column name="id_pago" id="68A682ED-9AF0-4962-C438-056B5C0E8127">
<createdBy>57318</createdBy>
<createdTime>2024-08-23 18:26:29 UTC</createdTime>
<generatorID>99DCBEE7-E6D8-633D-3F4F-D06E72BD2912</generatorID>
<ownerDesignName>modelo de netflix</ownerDesignName>
<useDomainConstraints>false</useDomainConstraints>
<use>1</use>
<logicalDatatype>LOGDT011</logicalDatatype>
<ownDataTypeParameters>,,</ownDataTypeParameters>
<autoIncrementCycle>false</autoIncrementCycle>
</Column>
<Column name="monto" id="A3D852A2-F6D8-9CAA-A269-86A24FB3957F">
<createdBy>57318</createdBy>
<createdTime>2024-08-23 18:26:29 UTC</createdTime>
<generatorID>7C3126AE-ED38-B8F8-52FC-28E84655FE9C</generatorID>
<ownerDesignName>modelo de netflix</ownerDesignName>
<useDomainConstraints>false</useDomainConstraints>
<use>1</use>
<logicalDatatype>LOGDT043</logicalDatatype>
<ownDataTypeParameters>,,</ownDataTypeParameters>
<autoIncrementCycle>false</autoIncrementCycle>
</Column>
<Column name="fecha_pago" id="71357B1C-82C8-2323-327B-2D64D03D5BD2">
<createdBy>57318</createdBy>
<createdTime>2024-08-23 18:26:29 UTC</createdTime>
<generatorID>8D59D12C-C4D5-C450-111F-C6BE5BE76C13</generatorID>
<ownerDesignName>modelo de netflix</ownerDesignName>
<useDomainConstraints>false</useDomainConstraints>
<use>1</use>
<logicalDatatype>LOGDT007</logicalDatatype>
<ownDataTypeParameters>,,</ownDataTypeParameters>
<autoIncrementCycle>false</autoIncrementCycle>
</Column>
<Column name="metodo_pago" id="C05A3E94-99AD-DE1E-509A-F4F486DBA9D4">
<createdBy>57318</createdBy>
<createdTime>2024-08-23 18:26:29 UTC</createdTime>
<generatorID>693FB22B-F307-244B-CBB9-18D360CB3274</generatorID>
<ownerDesignName>modelo de netflix</ownerDesignName>
<useDomainConstraints>false</useDomainConstraints>
<use>1</use>
<logicalDatatype>LOGDT024</logicalDatatype>
<dataTypeSize>50</dataTypeSize>
<ownDataTypeParameters>50,,</ownDataTypeParameters>
<autoIncrementCycle>false</autoIncrementCycle>
</Column>
<Column name="estado_pago1" id="65BCB01C-20D9-6C11-AE28-EEBB2E5E4CC7">
<createdBy>57318</createdBy>
<createdTime>2024-08-23 18:26:29 UTC</createdTime>
<generatorID>7E50F6BC-A37C-0A76-2496-A72045357F43</generatorID>
<ownerDesignName>modelo de netflix</ownerDesignName>
<useDomainConstraints>false</useDomainConstraints>
<use>1</use>
<logicalDatatype>LOGDT024</logicalDatatype>
<dataTypeSize>50</dataTypeSize>
<ownDataTypeParameters>50,,</ownDataTypeParameters>
<autoIncrementCycle>false</autoIncrementCycle>
</Column>
<Column name="suscripcion_duracion" id="175AF9E5-C3B7-D08B-B4BD-5D78BA0136A6">
<createdBy>57318</createdBy>
<createdTime>2024-08-23 18:26:29 UTC</createdTime>
<generatorID>D83EC959-95C1-63B8-D75C-6B486ADBBB1F</generatorID>
<ownerDesignName>modelo de netflix</ownerDesignName>
<useDomainConstraints>false</useDomainConstraints>
<use>1</use>
<logicalDatatype>LOGDT024</logicalDatatype>
<dataTypeSize>50</dataTypeSize>
<ownDataTypeParameters>50,,</ownDataTypeParameters>
<autoIncrementCycle>false</autoIncrementCycle>
</Column>
<Column name="fecha_expiracion" id="FF01D6EF-68A5-9345-8709-30EFA2F2FBE5">
<createdBy>57318</createdBy>
<createdTime>2024-08-23 18:26:29 UTC</createdTime>
<generatorID>366163B8-E840-AA60-F78D-B74F2C676A16</generatorID>
<ownerDesignName>modelo de netflix</ownerDesignName>
<useDomainConstraints>false</useDomainConstraints>
<use>1</use>
<logicalDatatype>LOGDT007</logicalDatatype>
<ownDataTypeParameters>,,</ownDataTypeParameters>
<autoIncrementCycle>false</autoIncrementCycle>
</Column>
<Column name="USUARIO_id_usuario" id="436964E4-499E-72F4-856B-81785750D51D">
<createdBy>57318</createdBy>
<createdTime>2024-08-24 01:06:15 UTC</createdTime>
<generatorID>17C8DCB1-3F74-4A78-57CF-2F0507FD06AB</generatorID>
<ownerDesignName>modelo de netflix</ownerDesignName>
<useDomainConstraints>false</useDomainConstraints>
<use>1</use>
<logicalDatatype>LOGDT011</logicalDatatype>
<ownDataTypeParameters>,,</ownDataTypeParameters>
<previousColumn>false</previousColumn>
<autoIncrementCycle>false</autoIncrementCycle>
<associations>
<colAssociation fkAssociation="5AE4BE6C-B3A8-5D76-59D2-E7A31F7953DD" referredColumn="4E2AAD6E-382A-8D0F-02CE-EB3AD37BF10B"/>
</associations>
</Column>
<Column name="estado_pago" id="2520A98A-C488-16AF-188D-2B008D53FA9E">
<createdBy>57318</createdBy>
<createdTime>2024-08-24 01:06:15 UTC</createdTime>
<generatorID>61559BD7-97C6-EF2D-6AD8-48E3FD4A26E1</generatorID>
<ownerDesignName>modelo de netflix</ownerDesignName>
<useDomainConstraints>false</useDomainConstraints>
<use>1</use>
<logicalDatatype>LOGDT006</logicalDatatype>
<dataTypeSize>1</dataTypeSize>
<ownDataTypeParameters>1,,</ownDataTypeParameters>
<autoIncrementCycle>false</autoIncrementCycle>
</Column>
</columns>
<indexes itemClass="oracle.dbtools.crest.model.design.relational.Index">
<ind_PK_UK id="2E6BC55C-9EF6-9E97-86B0-930712FEDC37" name="PAGO_PK">
<createdBy>57318</createdBy>
<createdTime>2024-08-23 18:26:29 UTC</createdTime>
<generatorID>D7F138F7-233B-7D8E-6CD2-B5862FEFD4FC</generatorID>
<ownerDesignName>modelo de netflix</ownerDesignName>
<pk>true</pk>
<indexState>Primary Constraint</indexState>
<isSurrogateKey>false</isSurrogateKey>
<indexColumnUsage>
<colUsage columnID="68A682ED-9AF0-4962-C438-056B5C0E8127"/>
</indexColumnUsage>
</ind_PK_UK>
<ind_PK_UK id="56650B5E-EFD7-80DF-CED6-011478033068" name="PAGO_USUARIO_FK">
<createdBy>57318</createdBy>
<createdTime>2024-08-24 01:06:15 UTC</createdTime>
<generatorID>E720A01B-EEFC-40A7-C612-0E4323ADCD4E</generatorID>
<ownerDesignName>modelo de netflix</ownerDesignName>
<indexState>Foreign Key</indexState>
<isSurrogateKey>false</isSurrogateKey>
<indexColumnUsage>
<colUsage columnID="436964E4-499E-72F4-856B-81785750D51D"/>
</indexColumnUsage>
</ind_PK_UK>
</indexes>
</Table>