<?xml version = '1.0' encoding = 'UTF-8'?>
<Table class="oracle.dbtools.crest.model.design.relational.Table" directorySegmentName="seg_0" id="26C98A08-CAF9-A93A-C7B4-198686A28845" name="PERFILES">
<createdBy>57318</createdBy>
<createdTime>2024-08-22 14:46:38 UTC</createdTime>
<generatorID>16E0517D-F65A-E885-CF3F-55A3B3D37367</generatorID>
<ownerDesignName>modelo de netflix</ownerDesignName>
<allowColumnReorder>false</allowColumnReorder>
<existDependencyGenerateInDDl>true</existDependencyGenerateInDDl>
<parsed>true</parsed>
<columns itemClass="oracle.dbtools.crest.model.design.relational.Column">
<Column name="id_perfil" id="CA67B5EF-8E52-1769-E6B7-CBDA4CCCA66D">
<createdBy>57318</createdBy>
<createdTime>2024-08-22 14:46:38 UTC</createdTime>
<generatorID>F654B371-1968-F396-072A-96F6FB9E9F7E</generatorID>
<ownerDesignName>modelo de netflix</ownerDesignName>
<useDomainConstraints>false</useDomainConstraints>
<use>1</use>
<logicalDatatype>LOGDT011</logicalDatatype>
<ownDataTypeParameters>,,</ownDataTypeParameters>
<autoIncrementCycle>false</autoIncrementCycle>
</Column>
<Column name="nombre_perfil" id="68A25C10-F835-06F5-563C-ADD08FD4F7E6">
<createdBy>57318</createdBy>
<createdTime>2024-08-22 14:46:38 UTC</createdTime>
<generatorID>EDE7CC59-80B1-0260-8E91-B9A958D93DAF</generatorID>
<ownerDesignName>modelo de netflix</ownerDesignName>
<useDomainConstraints>false</useDomainConstraints>
<use>1</use>
<logicalDatatype>LOGDT024</logicalDatatype>
<dataTypeSize>100</dataTypeSize>
<ownDataTypeParameters>100,,</ownDataTypeParameters>
<autoIncrementCycle>false</autoIncrementCycle>
</Column>
<Column name="preferencias_visualizacion" id="73FBA0A9-42FB-34DE-B2B9-6ECE8AF2144C">
<createdBy>57318</createdBy>
<createdTime>2024-08-22 14:46:38 UTC</createdTime>
<generatorID>A86DFE49-7331-008A-6E81-5FA8AA047F88</generatorID>
<ownerDesignName>modelo de netflix</ownerDesignName>
<nullsAllowed>true</nullsAllowed>
<useDomainConstraints>false</useDomainConstraints>
<use>1</use>
<logicalDatatype>LOGDT040</logicalDatatype>
<ownDataTypeParameters>,,</ownDataTypeParameters>
<autoIncrementCycle>false</autoIncrementCycle>
</Column>
<Column name="USUARIO_id_usuario" id="F30C2B8A-C8EB-300E-BA7F-2BAE2F552EA5">
<createdBy>57318</createdBy>
<createdTime>2024-08-22 14:46:38 UTC</createdTime>
<generatorID>76C65DAD-A0E1-454A-B6B4-7609C1CF4A90</generatorID>
<ownerDesignName>modelo de netflix</ownerDesignName>
<useDomainConstraints>false</useDomainConstraints>
<use>1</use>
<logicalDatatype>LOGDT011</logicalDatatype>
<ownDataTypeParameters>,,</ownDataTypeParameters>
<previousColumn>false</previousColumn>
<autoIncrementCycle>false</autoIncrementCycle>
<associations>
<colAssociation fkAssociation="E387E2DF-B2DA-5031-15DD-12CB6A3497FA" referredColumn="4E2AAD6E-382A-8D0F-02CE-EB3AD37BF10B"/>
</associations>
</Column>
<Column name="pin" id="5D9DA321-84EA-9617-08AA-19C925F684AB">
<createdBy>braya</createdBy>
<createdTime>2024-08-26 07:56:59 UTC</createdTime>
<generatorID>07982C4B-BB80-8433-7BEC-4B702219DE09</generatorID>
<ownerDesignName>modelo de netflix</ownerDesignName>
<nullsAllowed>true</nullsAllowed>
<useDomainConstraints>false</useDomainConstraints>
<use>1</use>
<logicalDatatype>LOGDT024</logicalDatatype>
<dataTypeSize>50</dataTypeSize>
<ownDataTypeParameters>50,,</ownDataTypeParameters>
<autoIncrementCycle>false</autoIncrementCycle>
</Column>
</columns>
<indexes itemClass="oracle.dbtools.crest.model.design.relational.Index">
<ind_PK_UK id="E4AD740C-48A6-2FA0-2870-10415F3E2DA2" name="PERFILES_PK">
<createdBy>57318</createdBy>
<createdTime>2024-08-22 14:46:38 UTC</createdTime>
<generatorID>82B290A8-F600-B22E-2FB7-9F88B60807BD</generatorID>
<ownerDesignName>modelo de netflix</ownerDesignName>
<pk>true</pk>
<indexState>Primary Constraint</indexState>
<isSurrogateKey>false</isSurrogateKey>
<indexColumnUsage>
<colUsage columnID="CA67B5EF-8E52-1769-E6B7-CBDA4CCCA66D"/>
</indexColumnUsage>
</ind_PK_UK>
<ind_PK_UK id="954BB018-FC04-C366-0136-E8D35FF6F225" name="PERFILES_USUARIO_FK">
<createdBy>57318</createdBy>
<createdTime>2024-08-22 14:46:38 UTC</createdTime>
<generatorID>66E20FB7-C89D-6E79-B2DE-809AA45D8C5F</generatorID>
<ownerDesignName>modelo de netflix</ownerDesignName>
<indexState>Foreign Key</indexState>
<isSurrogateKey>false</isSurrogateKey>
<indexColumnUsage>
<colUsage columnID="F30C2B8A-C8EB-300E-BA7F-2BAE2F552EA5"/>
</indexColumnUsage>
</ind_PK_UK>
</indexes>
</Table>