<?xml version = '1.0' encoding = 'UTF-8'?>
<Table class="oracle.dbtools.crest.model.design.relational.Table" directorySegmentName="seg_0" id="5398CA81-2836-CB63-26FE-7F95CBF3B072" name="CONTENIDO">
<createdBy>57318</createdBy>
<createdTime>2024-08-22 14:46:38 UTC</createdTime>
<generatorID>B866ADFF-F2AD-A3D2-6DAF-1DD6078A18A0</generatorID>
<ownerDesignName>modelo de netflix</ownerDesignName>
<allowColumnReorder>false</allowColumnReorder>
<existDependencyGenerateInDDl>true</existDependencyGenerateInDDl>
<parsed>true</parsed>
<columns itemClass="oracle.dbtools.crest.model.design.relational.Column">
<Column name="id_contenido" id="5B0BF4AE-7174-7D63-29A7-0D774DE0A23E">
<createdBy>57318</createdBy>
<createdTime>2024-08-22 14:46:38 UTC</createdTime>
<generatorID>330DBCC4-7BB0-473F-3056-40E9BAAF7683</generatorID>
<ownerDesignName>modelo de netflix</ownerDesignName>
<useDomainConstraints>false</useDomainConstraints>
<use>1</use>
<logicalDatatype>LOGDT011</logicalDatatype>
<ownDataTypeParameters>,,</ownDataTypeParameters>
<autoIncrementCycle>false</autoIncrementCycle>
</Column>
<Column name="titulo" id="94A74EFE-28E3-7EE7-CDF5-860B16CB0316">
<createdBy>57318</createdBy>
<createdTime>2024-08-22 14:46:38 UTC</createdTime>
<generatorID>7FF4651A-7C6E-711C-B366-4D596A553ADD</generatorID>
<ownerDesignName>modelo de netflix</ownerDesignName>
<useDomainConstraints>false</useDomainConstraints>
<use>1</use>
<logicalDatatype>LOGDT024</logicalDatatype>
<dataTypeSize>255</dataTypeSize>
<ownDataTypeParameters>255,,</ownDataTypeParameters>
<autoIncrementCycle>false</autoIncrementCycle>
</Column>
<Column name="descripcion" id="E9CC6482-2833-1658-4B47-E13663EDCF68">
<createdBy>57318</createdBy>
<createdTime>2024-08-22 14:46:38 UTC</createdTime>
<generatorID>7E558678-5E5F-6556-4253-1C4033B92C98</generatorID>
<ownerDesignName>modelo de netflix</ownerDesignName>
<nullsAllowed>true</nullsAllowed>
<useDomainConstraints>false</useDomainConstraints>
<use>1</use>
<logicalDatatype>LOGDT040</logicalDatatype>
<ownDataTypeParameters>,,</ownDataTypeParameters>
<autoIncrementCycle>false</autoIncrementCycle>
</Column>
<Column name="categoria" id="44F33657-1E9B-6F5B-41A1-7E13E0385CF7">
<createdBy>57318</createdBy>
<createdTime>2024-08-22 14:46:38 UTC</createdTime>
<generatorID>DDC2776B-1BCD-72FD-49A8-B0E9A8FC1BAD</generatorID>
<ownerDesignName>modelo de netflix</ownerDesignName>
<useDomainConstraints>false</useDomainConstraints>
<use>1</use>
<logicalDatatype>LOGDT024</logicalDatatype>
<dataTypeSize>100</dataTypeSize>
<ownDataTypeParameters>100,,</ownDataTypeParameters>
<autoIncrementCycle>false</autoIncrementCycle>
</Column>
<Column name="rating" id="B71D643B-0EE4-DC9C-FAED-53C9ACC5445D">
<createdBy>57318</createdBy>
<createdTime>2024-08-22 14:46:38 UTC</createdTime>
<generatorID>D3C693AA-392A-F7C6-AE80-8186E18AFE46</generatorID>
<ownerDesignName>modelo de netflix</ownerDesignName>
<useDomainConstraints>false</useDomainConstraints>
<use>1</use>
<logicalDatatype>LOGDT026</logicalDatatype>
<ownDataTypeParameters>,,</ownDataTypeParameters>
<autoIncrementCycle>false</autoIncrementCycle>
</Column>
<Column name="fecha_lanzamiento" id="730FE150-B7AA-C47A-DAA7-FD6F9E20A928">
<createdBy>57318</createdBy>
<createdTime>2024-08-22 14:46:38 UTC</createdTime>
<generatorID>7CD15094-2C8A-D318-6ADA-C0E6EE07D4ED</generatorID>
<ownerDesignName>modelo de netflix</ownerDesignName>
<useDomainConstraints>false</useDomainConstraints>
<use>1</use>
<logicalDatatype>LOGDT007</logicalDatatype>
<ownDataTypeParameters>,,</ownDataTypeParameters>
<autoIncrementCycle>false</autoIncrementCycle>
</Column>
<Column name="tipo_contenido" id="21F5CAF5-FA4C-EAF7-AC8B-86B2DFCD69B6">
<createdBy>57318</createdBy>
<createdTime>2024-08-22 14:46:38 UTC</createdTime>
<generatorID>1DAFA8EC-AF1E-F7C1-3DD8-C0B09378ECAF</generatorID>
<ownerDesignName>modelo de netflix</ownerDesignName>
<useDomainConstraints>false</useDomainConstraints>
<use>1</use>
<logicalDatatype>LOGDT024</logicalDatatype>
<dataTypeSize>50</dataTypeSize>
<ownDataTypeParameters>50,,</ownDataTypeParameters>
<autoIncrementCycle>false</autoIncrementCycle>
</Column>
<Column name="duracion" id="807921DC-88BF-7DB7-8EEE-9D53937328A8">
<createdBy>57318</createdBy>
<createdTime>2024-08-22 14:46:38 UTC</createdTime>
<generatorID>FBDF1E7D-1D60-013D-3741-304599C7836B</generatorID>
<ownerDesignName>modelo de netflix</ownerDesignName>
<useDomainConstraints>false</useDomainConstraints>
<use>1</use>
<logicalDatatype>LOGDT011</logicalDatatype>
<ownDataTypeParameters>,,</ownDataTypeParameters>
<autoIncrementCycle>false</autoIncrementCycle>
</Column>
<Column name="CONTENIDO_id_contenido" id="47F725BC-B657-EAC6-666B-41169B40B7E1">
<createdBy>57318</createdBy>
<createdTime>2024-08-22 14:46:38 UTC</createdTime>
<generatorID>2943E190-5400-6988-3928-7CDF6036559F</generatorID>
<ownerDesignName>modelo de netflix</ownerDesignName>
<useDomainConstraints>false</useDomainConstraints>
<use>1</use>
<logicalDatatype>LOGDT011</logicalDatatype>
<ownDataTypeParameters>,,</ownDataTypeParameters>
<previousColumn>false</previousColumn>
<autoIncrementCycle>false</autoIncrementCycle>
<associations>
<colAssociation fkAssociation="7BA1564F-A3F1-E00C-BE4B-3BA2ACBAF8AB" referredColumn="5B0BF4AE-7174-7D63-29A7-0D774DE0A23E"/>
</associations>
</Column>
<Column name="contenido_relacionado" id="C92E3FCC-2ADE-B216-CA35-391B5D00067E">
<createdBy>57318</createdBy>
<createdTime>2024-08-22 14:46:38 UTC</createdTime>
<generatorID>22FF1037-920D-AF4E-65E8-9EE8C30A2245</generatorID>
<ownerDesignName>modelo de netflix</ownerDesignName>
<nullsAllowed>true</nullsAllowed>
<useDomainConstraints>false</useDomainConstraints>
<use>1</use>
<logicalDatatype>LOGDT024</logicalDatatype>
<dataTypeSize>255</dataTypeSize>
<ownDataTypeParameters>255,,</ownDataTypeParameters>
<autoIncrementCycle>false</autoIncrementCycle>
</Column>
<Column name="PERFILES_id_perfil" id="67E9AD03-C095-8CA3-06A2-00C58289F68C">
<createdBy>57318</createdBy>
<createdTime>2024-08-24 01:06:15 UTC</createdTime>
<generatorID>1B4F9532-B0D5-1A87-A37B-B656853A8C19</generatorID>
<ownerDesignName>modelo de netflix</ownerDesignName>
<useDomainConstraints>false</useDomainConstraints>
<use>1</use>
<logicalDatatype>LOGDT011</logicalDatatype>
<ownDataTypeParameters>,,</ownDataTypeParameters>
<previousColumn>false</previousColumn>
<autoIncrementCycle>false</autoIncrementCycle>
<associations>
<colAssociation fkAssociation="872EC282-31A0-A017-45D0-E03BFBFBA016" referredColumn="CA67B5EF-8E52-1769-E6B7-CBDA4CCCA66D"/>
</associations>
</Column>
</columns>
<indexes itemClass="oracle.dbtools.crest.model.design.relational.Index">
<ind_PK_UK id="150DA869-3386-FEAC-E0E7-179CA13B0029" name="CONTENIDO_PK">
<createdBy>57318</createdBy>
<createdTime>2024-08-22 14:46:38 UTC</createdTime>
<generatorID>F13027AA-2EA9-E099-A4A8-4FE362833C97</generatorID>
<ownerDesignName>modelo de netflix</ownerDesignName>
<pk>true</pk>
<indexState>Primary Constraint</indexState>
<isSurrogateKey>false</isSurrogateKey>
<indexColumnUsage>
<colUsage columnID="5B0BF4AE-7174-7D63-29A7-0D774DE0A23E"/>
</indexColumnUsage>
</ind_PK_UK>
<ind_PK_UK id="A82BB2A9-99A5-01D3-7453-B53772AFFE55" name="CONTENIDO_CONTENIDO_FK">
<createdBy>57318</createdBy>
<createdTime>2024-08-22 14:46:38 UTC</createdTime>
<generatorID>070DB593-FDAA-A503-DE57-533919416693</generatorID>
<ownerDesignName>modelo de netflix</ownerDesignName>
<indexState>Foreign Key</indexState>
<isSurrogateKey>false</isSurrogateKey>
<indexColumnUsage>
<colUsage columnID="47F725BC-B657-EAC6-666B-41169B40B7E1"/>
</indexColumnUsage>
</ind_PK_UK>
<ind_PK_UK id="BBF292F2-F3DD-2F4E-500F-ECA247C7481F" name="CONTENIDO_PERFILES_FK">
<createdBy>57318</createdBy>
<createdTime>2024-08-24 01:06:15 UTC</createdTime>
<generatorID>BAE8C478-F540-10D2-D427-4BEA729182A8</generatorID>
<ownerDesignName>modelo de netflix</ownerDesignName>
<indexState>Foreign Key</indexState>
<isSurrogateKey>false</isSurrogateKey>
<indexColumnUsage>
<colUsage columnID="67E9AD03-C095-8CA3-06A2-00C58289F68C"/>
</indexColumnUsage>
</ind_PK_UK>
</indexes>
</Table>