<?xml version = '1.0' encoding = 'UTF-8'?>
<Table class="oracle.dbtools.crest.model.design.relational.Table" directorySegmentName="seg_0" id="C24D1A90-041A-6EF9-3E5C-4A957CD22270" name="VISUALIZACION">
<createdBy>57318</createdBy>
<createdTime>2024-08-22 14:46:38 UTC</createdTime>
<generatorID>143BAEBD-D1F9-5CB4-4CE2-CC1DF98CE9FF</generatorID>
<ownerDesignName>modelo de netflix</ownerDesignName>
<allowColumnReorder>false</allowColumnReorder>
<existDependencyGenerateInDDl>true</existDependencyGenerateInDDl>
<parsed>true</parsed>
<columns itemClass="oracle.dbtools.crest.model.design.relational.Column">
<Column name="id_visualizacion" id="DF34B19B-5E8F-185B-8C64-B2B81DE1E5E2">
<createdBy>57318</createdBy>
<createdTime>2024-08-22 14:46:38 UTC</createdTime>
<generatorID>AC1F3DA2-92AF-E767-753D-D57DC722A89F</generatorID>
<ownerDesignName>modelo de netflix</ownerDesignName>
<useDomainConstraints>false</useDomainConstraints>
<use>1</use>
<logicalDatatype>LOGDT011</logicalDatatype>
<ownDataTypeParameters>,,</ownDataTypeParameters>
<autoIncrementCycle>false</autoIncrementCycle>
</Column>
<Column name="fecha_visualizacion" id="DC6F4140-2639-E95D-3C61-CDCA565C4768">
<createdBy>57318</createdBy>
<createdTime>2024-08-22 14:46:38 UTC</createdTime>
<generatorID>BBBE09BF-1BFA-687F-8D9F-E729A8CBE6EA</generatorID>
<ownerDesignName>modelo de netflix</ownerDesignName>
<useDomainConstraints>false</useDomainConstraints>
<use>1</use>
<logicalDatatype>LOGDT008</logicalDatatype>
<ownDataTypeParameters>,,</ownDataTypeParameters>
<autoIncrementCycle>false</autoIncrementCycle>
</Column>
<Column name="tiempo_visto" id="E9BD4663-653B-B86E-7907-8801A2017BE5">
<createdBy>57318</createdBy>
<createdTime>2024-08-22 14:46:38 UTC</createdTime>
<generatorID>17BABE25-0D36-F1F0-3D56-1B458459A836</generatorID>
<ownerDesignName>modelo de netflix</ownerDesignName>
<useDomainConstraints>false</useDomainConstraints>
<use>1</use>
<logicalDatatype>LOGDT011</logicalDatatype>
<ownDataTypeParameters>,,</ownDataTypeParameters>
<autoIncrementCycle>false</autoIncrementCycle>
</Column>
<Column name="CONTENIDO_id_contenido" id="ED352847-D09D-37B9-7AD9-7C1D030F7A9C">
<createdBy>57318</createdBy>
<createdTime>2024-08-24 01:06:15 UTC</createdTime>
<generatorID>884D4C28-EDFD-B7E7-EFA4-41E02C3D593B</generatorID>
<ownerDesignName>modelo de netflix</ownerDesignName>
<useDomainConstraints>false</useDomainConstraints>
<use>1</use>
<logicalDatatype>LOGDT011</logicalDatatype>
<ownDataTypeParameters>,,</ownDataTypeParameters>
<previousColumn>false</previousColumn>
<autoIncrementCycle>false</autoIncrementCycle>
<associations>
<colAssociation fkAssociation="E135CA76-4183-3F29-1AD4-D63FBA2D7E6B" referredColumn="5B0BF4AE-7174-7D63-29A7-0D774DE0A23E"/>
</associations>
</Column>
<Column name="PERFILES_id_perfil" id="D8BC35FD-C584-E2E8-F74E-3FC712C18EBD">
<createdBy>braya</createdBy>
<createdTime>2024-08-27 14:13:58 UTC</createdTime>
<generatorID>91E6B343-7A3E-839F-54F7-83E0176A935C</generatorID>
<ownerDesignName>modelo de netflix</ownerDesignName>
<useDomainConstraints>false</useDomainConstraints>
<use>1</use>
<logicalDatatype>LOGDT011</logicalDatatype>
<ownDataTypeParameters>,,</ownDataTypeParameters>
<previousColumn>false</previousColumn>
<autoIncrementCycle>false</autoIncrementCycle>
<associations>
<colAssociation fkAssociation="B52C0597-C1E1-E795-BD09-8B1949F87B65" referredColumn="CA67B5EF-8E52-1769-E6B7-CBDA4CCCA66D"/>
</associations>
</Column>
</columns>
<indexes itemClass="oracle.dbtools.crest.model.design.relational.Index">
<ind_PK_UK id="1EEE4D75-BCCE-0A73-FA7A-714F7D76632D" name="VISUALIZACION_PK">
<createdBy>57318</createdBy>
<createdTime>2024-08-22 14:46:38 UTC</createdTime>
<generatorID>D9302F09-3C07-AD14-9306-1D65B10945A0</generatorID>
<ownerDesignName>modelo de netflix</ownerDesignName>
<pk>true</pk>
<indexState>Primary Constraint</indexState>
<isSurrogateKey>false</isSurrogateKey>
<indexColumnUsage>
<colUsage columnID="DF34B19B-5E8F-185B-8C64-B2B81DE1E5E2"/>
</indexColumnUsage>
</ind_PK_UK>
<ind_PK_UK id="500C8DC1-22E9-6E78-8954-51178EFEE6B8" name="VISUALIZACION_CONTENIDO_FK">
<createdBy>57318</createdBy>
<createdTime>2024-08-24 01:06:15 UTC</createdTime>
<generatorID>D701C1DB-44BE-79EF-F123-FBBDC7A1E74A</generatorID>
<ownerDesignName>modelo de netflix</ownerDesignName>
<indexState>Foreign Key</indexState>
<isSurrogateKey>false</isSurrogateKey>
<indexColumnUsage>
<colUsage columnID="ED352847-D09D-37B9-7AD9-7C1D030F7A9C"/>
</indexColumnUsage>
</ind_PK_UK>
<ind_PK_UK id="BC6E5736-5323-826F-B7E0-30C76E34354E" name="VISUALIZACION_PERFILES_FK">
<createdBy>braya</createdBy>
<createdTime>2024-08-27 14:13:58 UTC</createdTime>
<generatorID>652E5E36-DC18-743A-D704-370EAB35E405</generatorID>
<ownerDesignName>modelo de netflix</ownerDesignName>
<indexState>Foreign Key</indexState>
<isSurrogateKey>false</isSurrogateKey>
<indexColumnUsage>
<colUsage columnID="D8BC35FD-C584-E2E8-F74E-3FC712C18EBD"/>
</indexColumnUsage>
</ind_PK_UK>
</indexes>
</Table>