<?xml version = '1.0' encoding = 'UTF-8'?>
<Table class="oracle.dbtools.crest.model.design.relational.Table" directorySegmentName="seg_0" id="F1051124-DDD7-49CC-036A-105104CB838C" name="EPISODIO">
<createdBy>57318</createdBy>
<createdTime>2024-08-22 14:46:38 UTC</createdTime>
<generatorID>52733F48-C7E5-6F4B-C8D2-6E6CD37A97F4</generatorID>
<ownerDesignName>modelo de netflix</ownerDesignName>
<allowColumnReorder>false</allowColumnReorder>
<existDependencyGenerateInDDl>true</existDependencyGenerateInDDl>
<parsed>true</parsed>
<columns itemClass="oracle.dbtools.crest.model.design.relational.Column">
<Column name="id_episodio" id="975D249B-9418-63F7-670E-231CA4E92F29">
<createdBy>57318</createdBy>
<createdTime>2024-08-22 14:46:38 UTC</createdTime>
<generatorID>C49F9A42-C672-D0B1-1B51-271AB3A265E3</generatorID>
<ownerDesignName>modelo de netflix</ownerDesignName>
<useDomainConstraints>false</useDomainConstraints>
<use>1</use>
<logicalDatatype>LOGDT011</logicalDatatype>
<ownDataTypeParameters>,,</ownDataTypeParameters>
<autoIncrementCycle>false</autoIncrementCycle>
</Column>
<Column name="titulo_episodio" id="750D2AFB-3E6D-0A71-EC15-737F0BBE242A">
<createdBy>57318</createdBy>
<createdTime>2024-08-22 14:46:38 UTC</createdTime>
<generatorID>9F76B62C-9F29-030A-B4B2-389B1AD6B785</generatorID>
<ownerDesignName>modelo de netflix</ownerDesignName>
<useDomainConstraints>false</useDomainConstraints>
<use>1</use>
<logicalDatatype>LOGDT024</logicalDatatype>
<dataTypeSize>255</dataTypeSize>
<ownDataTypeParameters>255,,</ownDataTypeParameters>
<autoIncrementCycle>false</autoIncrementCycle>
</Column>
<Column name="duracion" id="1E0B3B9B-1B1B-E3DC-BD55-B8F7200EF611">
<createdBy>57318</createdBy>
<createdTime>2024-08-22 14:46:38 UTC</createdTime>
<generatorID>266EDA9F-CB07-0D6B-1C14-B6B52EE30D66</generatorID>
<ownerDesignName>modelo de netflix</ownerDesignName>
<useDomainConstraints>false</useDomainConstraints>
<use>1</use>
<logicalDatatype>LOGDT011</logicalDatatype>
<ownDataTypeParameters>,,</ownDataTypeParameters>
<autoIncrementCycle>false</autoIncrementCycle>
</Column>
<Column name="numero_episodio" id="AA96047D-FD92-F99B-7D72-76D3F8B1E10C">
<createdBy>57318</createdBy>
<createdTime>2024-08-22 14:46:38 UTC</createdTime>
<generatorID>27C5724C-68E8-75A7-05AF-048B906C626F</generatorID>
<ownerDesignName>modelo de netflix</ownerDesignName>
<useDomainConstraints>false</useDomainConstraints>
<use>1</use>
<logicalDatatype>LOGDT011</logicalDatatype>
<ownDataTypeParameters>,,</ownDataTypeParameters>
<autoIncrementCycle>false</autoIncrementCycle>
</Column>
<Column name="TEMPORADA_id_temporada" id="87F8CF8A-FBBA-18B7-ACA0-D387D18AE02C">
<createdBy>57318</createdBy>
<createdTime>2024-08-22 14:46:38 UTC</createdTime>
<generatorID>DEB4A95B-D0F0-70C8-4AC5-817C59CC60CB</generatorID>
<ownerDesignName>modelo de netflix</ownerDesignName>
<useDomainConstraints>false</useDomainConstraints>
<use>1</use>
<logicalDatatype>LOGDT011</logicalDatatype>
<ownDataTypeParameters>,,</ownDataTypeParameters>
<previousColumn>false</previousColumn>
<autoIncrementCycle>false</autoIncrementCycle>
<associations>
<colAssociation fkAssociation="99485BBB-81A7-40B0-B659-C6A21129C96F" referredColumn="9A107C6A-489B-CA54-CA94-666A91DF38C4"/>
</associations>
</Column>
</columns>
<indexes itemClass="oracle.dbtools.crest.model.design.relational.Index">
<ind_PK_UK id="2C4C7D54-8568-F751-BF94-89A48B13F1E7" name="EPISODIO_PK">
<createdBy>57318</createdBy>
<createdTime>2024-08-22 14:46:38 UTC</createdTime>
<generatorID>5777764E-1FCC-9568-268D-2C71136C954C</generatorID>
<ownerDesignName>modelo de netflix</ownerDesignName>
<pk>true</pk>
<indexState>Primary Constraint</indexState>
<isSurrogateKey>false</isSurrogateKey>
<indexColumnUsage>
<colUsage columnID="975D249B-9418-63F7-670E-231CA4E92F29"/>
</indexColumnUsage>
</ind_PK_UK>
<ind_PK_UK id="E8DEA7A3-FE6A-1DF5-F475-D2E788517C90" name="EPISODIO_TEMPORADA_FK">
<createdBy>57318</createdBy>
<createdTime>2024-08-22 14:46:38 UTC</createdTime>
<generatorID>FD7DE61D-07E5-986C-87B4-BA07A0FAAC5B</generatorID>
<ownerDesignName>modelo de netflix</ownerDesignName>
<indexState>Foreign Key</indexState>
<isSurrogateKey>false</isSurrogateKey>
<indexColumnUsage>
<colUsage columnID="87F8CF8A-FBBA-18B7-ACA0-D387D18AE02C"/>
</indexColumnUsage>
</ind_PK_UK>
</indexes>
</Table>