<?xml version = '1.0' encoding = 'UTF-8'?>
<Entity class="oracle.dbtools.crest.model.design.logical.Entity" directorySegmentName="seg_0" id="143BAEBD-D1F9-5CB4-4CE2-CC1DF98CE9FF" name="VISUALIZACION">
<createdBy>57318</createdBy>
<createdTime>2024-08-22 00:22:27 UTC</createdTime>
<ownerDesignName>modelo de netflix</ownerDesignName>
<engineerTo>
<item key="DC4FD6CA-04D2-AA93-3438-FE269600FBC8" value="true"/>
</engineerTo>
<adequatelyNormalized>NO</adequatelyNormalized>
<expectedVolumes>0</expectedVolumes>
<fwdEngineeringStrategyName>Single Table</fwdEngineeringStrategyName>
<growthPercent>0</growthPercent>
<growthType>Year</growthType>
<maxVolumes>9999999</maxVolumes>
<minVolumes>0</minVolumes>
<normalForm>Third</normalForm>
<attributes itemClass="oracle.dbtools.crest.model.design.logical.Attribute">
<Attribute name="id_visualizacion " id="AC1F3DA2-92AF-E767-753D-D57DC722A89F">
<createdBy>57318</createdBy>
<createdTime>2024-08-22 00:22:33 UTC</createdTime>
<ownerDesignName>modelo de netflix</ownerDesignName>
<engineerTo>
<item key="DC4FD6CA-04D2-AA93-3438-FE269600FBC8" value="true"/>
</engineerTo>
<useDomainConstraints>false</useDomainConstraints>
<use>1</use>
<logicalDatatype>LOGDT011</logicalDatatype>
<ownDataTypeParameters>,,</ownDataTypeParameters>
</Attribute>
<Attribute name="fecha_visualizacion " id="BBBE09BF-1BFA-687F-8D9F-E729A8CBE6EA">
<createdBy>57318</createdBy>
<createdTime>2024-08-22 00:22:40 UTC</createdTime>
<ownerDesignName>modelo de netflix</ownerDesignName>
<engineerTo>
<item key="DC4FD6CA-04D2-AA93-3438-FE269600FBC8" value="true"/>
</engineerTo>
<useDomainConstraints>false</useDomainConstraints>
<use>1</use>
<logicalDatatype>LOGDT008</logicalDatatype>
<ownDataTypeParameters>,,</ownDataTypeParameters>
</Attribute>
<Attribute name="tiempo_visto " id="17BABE25-0D36-F1F0-3D56-1B458459A836">
<createdBy>57318</createdBy>
<createdTime>2024-08-22 00:22:52 UTC</createdTime>
<ownerDesignName>modelo de netflix</ownerDesignName>
<engineerTo>
<item key="DC4FD6CA-04D2-AA93-3438-FE269600FBC8" value="true"/>
</engineerTo>
<useDomainConstraints>false</useDomainConstraints>
<use>1</use>
<logicalDatatype>LOGDT011</logicalDatatype>
<ownDataTypeParameters>,,</ownDataTypeParameters>
</Attribute>
<Attribute name="id_contenido " id="884D4C28-EDFD-B7E7-EFA4-41E02C3D593B">
<createdBy>57318</createdBy>
<createdTime>2024-08-24 01:00:45 UTC</createdTime>
<generatorID>D701C1DB-44BE-79EF-F123-FBBDC7A1E74A</generatorID>
<ownerDesignName>modelo de netflix</ownerDesignName>
<engineerTo>
<item key="DC4FD6CA-04D2-AA93-3438-FE269600FBC8" value="true"/>
</engineerTo>
<referedAttribute>330DBCC4-7BB0-473F-3056-40E9BAAF7683</referedAttribute>
<useDomainConstraints>false</useDomainConstraints>
<use>1</use>
<logicalDatatype>LOGDT011</logicalDatatype>
<ownDataTypeParameters>,,</ownDataTypeParameters>
</Attribute>
<Attribute name="id_perfil " id="91E6B343-7A3E-839F-54F7-83E0176A935C">
<createdBy>braya</createdBy>
<createdTime>2024-08-27 14:07:30 UTC</createdTime>
<generatorID>652E5E36-DC18-743A-D704-370EAB35E405</generatorID>
<ownerDesignName>modelo de netflix</ownerDesignName>
<engineerTo>
<item key="DC4FD6CA-04D2-AA93-3438-FE269600FBC8" value="true"/>
</engineerTo>
<referedAttribute>F654B371-1968-F396-072A-96F6FB9E9F7E</referedAttribute>
<useDomainConstraints>false</useDomainConstraints>
<use>1</use>
<logicalDatatype>LOGDT011</logicalDatatype>
<ownDataTypeParameters>,,</ownDataTypeParameters>
</Attribute>
</attributes>
<identifiers itemClass="oracle.dbtools.crest.model.design.logical.CandidateKey">
<identifier id="D9302F09-3C07-AD14-9306-1D65B10945A0" name="VISUALIZACION PK">
<createdBy>57318</createdBy>
<createdTime>2024-08-22 00:22:34 UTC</createdTime>
<ownerDesignName>modelo de netflix</ownerDesignName>
<engineerTo>
<item key="DC4FD6CA-04D2-AA93-3438-FE269600FBC8" value="true"/>
</engineerTo>
<pk>true</pk>
<usedAttributes>
<attributeRef>AC1F3DA2-92AF-E767-753D-D57DC722A89F</attributeRef>
</usedAttributes>
</identifier>
</identifiers>
</Entity>