<?xml version = '1.0' encoding = 'UTF-8'?>
<Entity class="oracle.dbtools.crest.model.design.logical.Entity" directorySegmentName="seg_0" id="16E0517D-F65A-E885-CF3F-55A3B3D37367" name="PERFILES">
<createdBy>57318</createdBy>
<createdTime>2024-08-21 23:51:05 UTC</createdTime>
<ownerDesignName>modelo de netflix</ownerDesignName>
<engineerTo>
<item key="DC4FD6CA-04D2-AA93-3438-FE269600FBC8" value="true"/>
</engineerTo>
<adequatelyNormalized>NO</adequatelyNormalized>
<expectedVolumes>0</expectedVolumes>
<fwdEngineeringStrategyName>Single Table</fwdEngineeringStrategyName>
<growthPercent>0</growthPercent>
<growthType>Year</growthType>
<maxVolumes>9999999</maxVolumes>
<minVolumes>0</minVolumes>
<normalForm>Third</normalForm>
<attributes itemClass="oracle.dbtools.crest.model.design.logical.Attribute">
<Attribute name="id_perfil " id="F654B371-1968-F396-072A-96F6FB9E9F7E">
<createdBy>57318</createdBy>
<createdTime>2024-08-21 23:51:12 UTC</createdTime>
<ownerDesignName>modelo de netflix</ownerDesignName>
<engineerTo>
<item key="DC4FD6CA-04D2-AA93-3438-FE269600FBC8" value="true"/>
</engineerTo>
<useDomainConstraints>false</useDomainConstraints>
<use>1</use>
<logicalDatatype>LOGDT011</logicalDatatype>
<ownDataTypeParameters>,,</ownDataTypeParameters>
</Attribute>
<Attribute name="nombre_perfil " id="EDE7CC59-80B1-0260-8E91-B9A958D93DAF">
<createdBy>57318</createdBy>
<createdTime>2024-08-22 00:15:46 UTC</createdTime>
<ownerDesignName>modelo de netflix</ownerDesignName>
<engineerTo>
<item key="DC4FD6CA-04D2-AA93-3438-FE269600FBC8" value="true"/>
</engineerTo>
<useDomainConstraints>false</useDomainConstraints>
<use>1</use>
<logicalDatatype>LOGDT024</logicalDatatype>
<dataTypeSize>100</dataTypeSize>
<ownDataTypeParameters>100,,</ownDataTypeParameters>
</Attribute>
<Attribute name="preferencias_visualizacion " id="A86DFE49-7331-008A-6E81-5FA8AA047F88">
<createdBy>57318</createdBy>
<createdTime>2024-08-22 00:16:35 UTC</createdTime>
<ownerDesignName>modelo de netflix</ownerDesignName>
<engineerTo>
<item key="DC4FD6CA-04D2-AA93-3438-FE269600FBC8" value="true"/>
</engineerTo>
<nullsAllowed>true</nullsAllowed>
<useDomainConstraints>false</useDomainConstraints>
<use>1</use>
<logicalDatatype>LOGDT040</logicalDatatype>
<ownDataTypeParameters>,,</ownDataTypeParameters>
</Attribute>
<Attribute name="id_usuario" id="76C65DAD-A0E1-454A-B6B4-7609C1CF4A90">
<createdBy>57318</createdBy>
<createdTime>2024-08-22 00:24:25 UTC</createdTime>
<generatorID>66E20FB7-C89D-6E79-B2DE-809AA45D8C5F</generatorID>
<ownerDesignName>modelo de netflix</ownerDesignName>
<engineerTo>
<item key="DC4FD6CA-04D2-AA93-3438-FE269600FBC8" value="true"/>
</engineerTo>
<referedAttribute>20C40B3D-9F82-F919-E8EC-ABD844367CCC</referedAttribute>
<useDomainConstraints>false</useDomainConstraints>
<use>1</use>
<logicalDatatype>LOGDT011</logicalDatatype>
<ownDataTypeParameters>,,</ownDataTypeParameters>
</Attribute>
<Attribute name="pin" id="07982C4B-BB80-8433-7BEC-4B702219DE09">
<createdBy>braya</createdBy>
<createdTime>2024-08-26 05:46:15 UTC</createdTime>
<ownerDesignName>modelo de netflix</ownerDesignName>
<engineerTo>
<item key="DC4FD6CA-04D2-AA93-3438-FE269600FBC8" value="true"/>
</engineerTo>
<nullsAllowed>true</nullsAllowed>
<useDomainConstraints>false</useDomainConstraints>
<use>1</use>
<logicalDatatype>LOGDT024</logicalDatatype>
<dataTypeSize>50</dataTypeSize>
<ownDataTypeParameters>50,,</ownDataTypeParameters>
</Attribute>
</attributes>
<identifiers itemClass="oracle.dbtools.crest.model.design.logical.CandidateKey">
<identifier id="82B290A8-F600-B22E-2FB7-9F88B60807BD" name="PERFIL PK">
<createdBy>57318</createdBy>
<createdTime>2024-08-21 23:51:26 UTC</createdTime>
<ownerDesignName>modelo de netflix</ownerDesignName>
<shouldEngineer>false</shouldEngineer>
<engineerTo>
<item key="DC4FD6CA-04D2-AA93-3438-FE269600FBC8" value="false"/>
</engineerTo>
<pk>true</pk>
<usedAttributes>
<attributeRef>F654B371-1968-F396-072A-96F6FB9E9F7E</attributeRef>
</usedAttributes>
</identifier>
</identifiers>
</Entity>