<?xml version = '1.0' encoding = 'UTF-8'?>
<Entity class="oracle.dbtools.crest.model.design.logical.Entity" directorySegmentName="seg_0" id="52733F48-C7E5-6F4B-C8D2-6E6CD37A97F4" name="EPISODIO ">
<createdBy>57318</createdBy>
<createdTime>2024-08-22 00:20:28 UTC</createdTime>
<ownerDesignName>modelo de netflix</ownerDesignName>
<engineerTo>
<item key="DC4FD6CA-04D2-AA93-3438-FE269600FBC8" value="true"/>
</engineerTo>
<adequatelyNormalized>NO</adequatelyNormalized>
<expectedVolumes>0</expectedVolumes>
<fwdEngineeringStrategyName>Single Table</fwdEngineeringStrategyName>
<growthPercent>0</growthPercent>
<growthType>Year</growthType>
<maxVolumes>9999999</maxVolumes>
<minVolumes>0</minVolumes>
<normalForm>Third</normalForm>
<attributes itemClass="oracle.dbtools.crest.model.design.logical.Attribute">
<Attribute name="id_episodio " id="C49F9A42-C672-D0B1-1B51-271AB3A265E3">
<createdBy>57318</createdBy>
<createdTime>2024-08-22 00:20:42 UTC</createdTime>
<ownerDesignName>modelo de netflix</ownerDesignName>
<engineerTo>
<item key="DC4FD6CA-04D2-AA93-3438-FE269600FBC8" value="true"/>
</engineerTo>
<useDomainConstraints>false</useDomainConstraints>
<use>1</use>
<logicalDatatype>LOGDT011</logicalDatatype>
<ownDataTypeParameters>,,</ownDataTypeParameters>
</Attribute>
<Attribute name="titulo_episodio " id="9F76B62C-9F29-030A-B4B2-389B1AD6B785">
<createdBy>57318</createdBy>
<createdTime>2024-08-22 00:21:05 UTC</createdTime>
<ownerDesignName>modelo de netflix</ownerDesignName>
<engineerTo>
<item key="DC4FD6CA-04D2-AA93-3438-FE269600FBC8" value="true"/>
</engineerTo>
<useDomainConstraints>false</useDomainConstraints>
<use>1</use>
<logicalDatatype>LOGDT024</logicalDatatype>
<dataTypeSize>255</dataTypeSize>
<ownDataTypeParameters>255,,</ownDataTypeParameters>
</Attribute>
<Attribute name="duracion " id="266EDA9F-CB07-0D6B-1C14-B6B52EE30D66">
<createdBy>57318</createdBy>
<createdTime>2024-08-22 00:21:13 UTC</createdTime>
<ownerDesignName>modelo de netflix</ownerDesignName>
<engineerTo>
<item key="DC4FD6CA-04D2-AA93-3438-FE269600FBC8" value="true"/>
</engineerTo>
<useDomainConstraints>false</useDomainConstraints>
<use>1</use>
<logicalDatatype>LOGDT011</logicalDatatype>
<ownDataTypeParameters>,,</ownDataTypeParameters>
</Attribute>
<Attribute name="numero_episodio " id="27C5724C-68E8-75A7-05AF-048B906C626F">
<createdBy>57318</createdBy>
<createdTime>2024-08-22 00:21:22 UTC</createdTime>
<ownerDesignName>modelo de netflix</ownerDesignName>
<engineerTo>
<item key="DC4FD6CA-04D2-AA93-3438-FE269600FBC8" value="true"/>
</engineerTo>
<useDomainConstraints>false</useDomainConstraints>
<use>1</use>
<logicalDatatype>LOGDT011</logicalDatatype>
<ownDataTypeParameters>,,</ownDataTypeParameters>
</Attribute>
<Attribute name="id_temporada " id="DEB4A95B-D0F0-70C8-4AC5-817C59CC60CB">
<createdBy>57318</createdBy>
<createdTime>2024-08-22 00:26:44 UTC</createdTime>
<generatorID>FD7DE61D-07E5-986C-87B4-BA07A0FAAC5B</generatorID>
<ownerDesignName>modelo de netflix</ownerDesignName>
<engineerTo>
<item key="DC4FD6CA-04D2-AA93-3438-FE269600FBC8" value="true"/>
</engineerTo>
<referedAttribute>8AA86006-3C91-91F9-A564-8183C549FA0C</referedAttribute>
<useDomainConstraints>false</useDomainConstraints>
<use>1</use>
<logicalDatatype>LOGDT011</logicalDatatype>
<ownDataTypeParameters>,,</ownDataTypeParameters>
</Attribute>
</attributes>
<identifiers itemClass="oracle.dbtools.crest.model.design.logical.CandidateKey">
<identifier id="5777764E-1FCC-9568-268D-2C71136C954C" name="EPISODIO PK">
<createdBy>57318</createdBy>
<createdTime>2024-08-22 00:20:56 UTC</createdTime>
<ownerDesignName>modelo de netflix</ownerDesignName>
<engineerTo>
<item key="DC4FD6CA-04D2-AA93-3438-FE269600FBC8" value="true"/>
</engineerTo>
<pk>true</pk>
<usedAttributes>
<attributeRef>C49F9A42-C672-D0B1-1B51-271AB3A265E3</attributeRef>
</usedAttributes>
</identifier>
</identifiers>
</Entity>