<?xml version = '1.0' encoding = 'UTF-8'?>
<Entity class="oracle.dbtools.crest.model.design.logical.Entity" directorySegmentName="seg_0" id="7CE01745-6E41-2794-1826-BC3E3FCD3B5C" name="TEMPORADA ">
<createdBy>57318</createdBy>
<createdTime>2024-08-22 00:19:25 UTC</createdTime>
<ownerDesignName>modelo de netflix</ownerDesignName>
<engineerTo>
<item key="DC4FD6CA-04D2-AA93-3438-FE269600FBC8" value="true"/>
</engineerTo>
<adequatelyNormalized>NO</adequatelyNormalized>
<expectedVolumes>0</expectedVolumes>
<fwdEngineeringStrategyName>Single Table</fwdEngineeringStrategyName>
<growthPercent>0</growthPercent>
<growthType>Year</growthType>
<maxVolumes>9999999</maxVolumes>
<minVolumes>0</minVolumes>
<normalForm>Third</normalForm>
<attributes itemClass="oracle.dbtools.crest.model.design.logical.Attribute">
<Attribute name="id_temporada " id="8AA86006-3C91-91F9-A564-8183C549FA0C">
<createdBy>57318</createdBy>
<createdTime>2024-08-22 00:19:53 UTC</createdTime>
<ownerDesignName>modelo de netflix</ownerDesignName>
<engineerTo>
<item key="DC4FD6CA-04D2-AA93-3438-FE269600FBC8" value="true"/>
</engineerTo>
<useDomainConstraints>false</useDomainConstraints>
<use>1</use>
<logicalDatatype>LOGDT011</logicalDatatype>
<ownDataTypeParameters>,,</ownDataTypeParameters>
</Attribute>
<Attribute name="numero_temporada " id="08C22C0D-7907-2D5F-9D08-F24658163DC9">
<createdBy>57318</createdBy>
<createdTime>2024-08-22 00:20:04 UTC</createdTime>
<ownerDesignName>modelo de netflix</ownerDesignName>
<engineerTo>
<item key="DC4FD6CA-04D2-AA93-3438-FE269600FBC8" value="true"/>
</engineerTo>
<useDomainConstraints>false</useDomainConstraints>
<use>1</use>
<logicalDatatype>LOGDT011</logicalDatatype>
<ownDataTypeParameters>,,</ownDataTypeParameters>
</Attribute>
<Attribute name="id_contenido " id="69C2F356-E519-156E-3625-3794390CBFB4">
<createdBy>57318</createdBy>
<createdTime>2024-08-22 00:26:17 UTC</createdTime>
<generatorID>DA82E4D1-384A-A33A-89A9-63277270B132</generatorID>
<ownerDesignName>modelo de netflix</ownerDesignName>
<engineerTo>
<item key="DC4FD6CA-04D2-AA93-3438-FE269600FBC8" value="true"/>
</engineerTo>
<referedAttribute>330DBCC4-7BB0-473F-3056-40E9BAAF7683</referedAttribute>
<useDomainConstraints>false</useDomainConstraints>
<use>1</use>
<logicalDatatype>LOGDT011</logicalDatatype>
<ownDataTypeParameters>,,</ownDataTypeParameters>
</Attribute>
</attributes>
<identifiers itemClass="oracle.dbtools.crest.model.design.logical.CandidateKey">
<identifier id="3B0AD7F1-749B-8B58-9FB3-1BB66E928110" name="TEMPORADA PK">
<createdBy>57318</createdBy>
<createdTime>2024-08-22 00:19:56 UTC</createdTime>
<ownerDesignName>modelo de netflix</ownerDesignName>
<engineerTo>
<item key="DC4FD6CA-04D2-AA93-3438-FE269600FBC8" value="true"/>
</engineerTo>
<pk>true</pk>
<usedAttributes>
<attributeRef>8AA86006-3C91-91F9-A564-8183C549FA0C</attributeRef>
</usedAttributes>
</identifier>
</identifiers>
</Entity>