<?xml version = '1.0' encoding = 'UTF-8'?>
<Entity class="oracle.dbtools.crest.model.design.logical.Entity" directorySegmentName="seg_0" id="B866ADFF-F2AD-A3D2-6DAF-1DD6078A18A0" name="CONTENIDO">
<createdBy>57318</createdBy>
<createdTime>2024-08-22 00:16:57 UTC</createdTime>
<ownerDesignName>modelo de netflix</ownerDesignName>
<engineerTo>
<item key="DC4FD6CA-04D2-AA93-3438-FE269600FBC8" value="true"/>
</engineerTo>
<adequatelyNormalized>NO</adequatelyNormalized>
<expectedVolumes>0</expectedVolumes>
<fwdEngineeringStrategyName>Single Table</fwdEngineeringStrategyName>
<growthPercent>0</growthPercent>
<growthType>Year</growthType>
<maxVolumes>9999999</maxVolumes>
<minVolumes>0</minVolumes>
<normalForm>Third</normalForm>
<attributes itemClass="oracle.dbtools.crest.model.design.logical.Attribute">
<Attribute name="id_contenido " id="330DBCC4-7BB0-473F-3056-40E9BAAF7683">
<createdBy>57318</createdBy>
<createdTime>2024-08-22 00:17:08 UTC</createdTime>
<ownerDesignName>modelo de netflix</ownerDesignName>
<engineerTo>
<item key="DC4FD6CA-04D2-AA93-3438-FE269600FBC8" value="true"/>
</engineerTo>
<useDomainConstraints>false</useDomainConstraints>
<use>1</use>
<logicalDatatype>LOGDT011</logicalDatatype>
<ownDataTypeParameters>,,</ownDataTypeParameters>
</Attribute>
<Attribute name="titulo " id="7FF4651A-7C6E-711C-B366-4D596A553ADD">
<createdBy>57318</createdBy>
<createdTime>2024-08-22 00:17:26 UTC</createdTime>
<ownerDesignName>modelo de netflix</ownerDesignName>
<engineerTo>
<item key="DC4FD6CA-04D2-AA93-3438-FE269600FBC8" value="true"/>
</engineerTo>
<useDomainConstraints>false</useDomainConstraints>
<use>1</use>
<logicalDatatype>LOGDT024</logicalDatatype>
<dataTypeSize>255</dataTypeSize>
<ownDataTypeParameters>255,,</ownDataTypeParameters>
</Attribute>
<Attribute name="descripcion " id="7E558678-5E5F-6556-4253-1C4033B92C98">
<createdBy>57318</createdBy>
<createdTime>2024-08-22 00:17:37 UTC</createdTime>
<ownerDesignName>modelo de netflix</ownerDesignName>
<engineerTo>
<item key="DC4FD6CA-04D2-AA93-3438-FE269600FBC8" value="true"/>
</engineerTo>
<nullsAllowed>true</nullsAllowed>
<useDomainConstraints>false</useDomainConstraints>
<use>1</use>
<logicalDatatype>LOGDT040</logicalDatatype>
<ownDataTypeParameters>,,</ownDataTypeParameters>
</Attribute>
<Attribute name="categoria " id="DDC2776B-1BCD-72FD-49A8-B0E9A8FC1BAD">
<createdBy>57318</createdBy>
<createdTime>2024-08-22 00:17:51 UTC</createdTime>
<ownerDesignName>modelo de netflix</ownerDesignName>
<engineerTo>
<item key="DC4FD6CA-04D2-AA93-3438-FE269600FBC8" value="true"/>
</engineerTo>
<useDomainConstraints>false</useDomainConstraints>
<use>1</use>
<logicalDatatype>LOGDT024</logicalDatatype>
<dataTypeSize>100</dataTypeSize>
<ownDataTypeParameters>100,,</ownDataTypeParameters>
</Attribute>
<Attribute name="rating " id="D3C693AA-392A-F7C6-AE80-8186E18AFE46">
<createdBy>57318</createdBy>
<createdTime>2024-08-22 00:18:00 UTC</createdTime>
<ownerDesignName>modelo de netflix</ownerDesignName>
<engineerTo>
<item key="DC4FD6CA-04D2-AA93-3438-FE269600FBC8" value="true"/>
</engineerTo>
<useDomainConstraints>false</useDomainConstraints>
<use>1</use>
<logicalDatatype>LOGDT026</logicalDatatype>
<ownDataTypeParameters>,,</ownDataTypeParameters>
</Attribute>
<Attribute name="fecha_lanzamiento " id="7CD15094-2C8A-D318-6ADA-C0E6EE07D4ED">
<createdBy>57318</createdBy>
<createdTime>2024-08-22 00:18:36 UTC</createdTime>
<ownerDesignName>modelo de netflix</ownerDesignName>
<engineerTo>
<item key="DC4FD6CA-04D2-AA93-3438-FE269600FBC8" value="true"/>
</engineerTo>
<useDomainConstraints>false</useDomainConstraints>
<use>1</use>
<logicalDatatype>LOGDT007</logicalDatatype>
<ownDataTypeParameters>,,</ownDataTypeParameters>
</Attribute>
<Attribute name="tipo_contenido " id="1DAFA8EC-AF1E-F7C1-3DD8-C0B09378ECAF">
<createdBy>57318</createdBy>
<createdTime>2024-08-22 00:18:44 UTC</createdTime>
<ownerDesignName>modelo de netflix</ownerDesignName>
<engineerTo>
<item key="DC4FD6CA-04D2-AA93-3438-FE269600FBC8" value="true"/>
</engineerTo>
<useDomainConstraints>false</useDomainConstraints>
<use>1</use>
<logicalDatatype>LOGDT024</logicalDatatype>
<dataTypeSize>50</dataTypeSize>
<ownDataTypeParameters>50,,</ownDataTypeParameters>
</Attribute>
<Attribute name="duracion " id="FBDF1E7D-1D60-013D-3741-304599C7836B">
<createdBy>57318</createdBy>
<createdTime>2024-08-22 00:18:59 UTC</createdTime>
<ownerDesignName>modelo de netflix</ownerDesignName>
<engineerTo>
<item key="DC4FD6CA-04D2-AA93-3438-FE269600FBC8" value="true"/>
</engineerTo>
<useDomainConstraints>false</useDomainConstraints>
<use>1</use>
<logicalDatatype>LOGDT011</logicalDatatype>
<ownDataTypeParameters>,,</ownDataTypeParameters>
</Attribute>
<Attribute name="id_contenido 1" id="2943E190-5400-6988-3928-7CDF6036559F">
<createdBy>57318</createdBy>
<createdTime>2024-08-22 14:12:06 UTC</createdTime>
<generatorID>070DB593-FDAA-A503-DE57-533919416693</generatorID>
<ownerDesignName>modelo de netflix</ownerDesignName>
<engineerTo>
<item key="DC4FD6CA-04D2-AA93-3438-FE269600FBC8" value="true"/>
</engineerTo>
<nullsAllowed>true</nullsAllowed>
<referedAttribute>330DBCC4-7BB0-473F-3056-40E9BAAF7683</referedAttribute>
<useDomainConstraints>false</useDomainConstraints>
<use>1</use>
<logicalDatatype>LOGDT011</logicalDatatype>
<ownDataTypeParameters>,,</ownDataTypeParameters>
</Attribute>
<Attribute name="contenido_relacionado" id="22FF1037-920D-AF4E-65E8-9EE8C30A2245">
<createdBy>57318</createdBy>
<createdTime>2024-08-22 14:14:35 UTC</createdTime>
<ownerDesignName>modelo de netflix</ownerDesignName>
<engineerTo>
<item key="DC4FD6CA-04D2-AA93-3438-FE269600FBC8" value="true"/>
</engineerTo>
<nullsAllowed>true</nullsAllowed>
<useDomainConstraints>false</useDomainConstraints>
<use>1</use>
<logicalDatatype>LOGDT024</logicalDatatype>
<dataTypeSize>255</dataTypeSize>
<ownDataTypeParameters>255,,</ownDataTypeParameters>
</Attribute>
</attributes>
<identifiers itemClass="oracle.dbtools.crest.model.design.logical.CandidateKey">
<identifier id="F13027AA-2EA9-E099-A4A8-4FE362833C97" name="CONTENIDO PK">
<createdBy>57318</createdBy>
<createdTime>2024-08-22 00:17:22 UTC</createdTime>
<ownerDesignName>modelo de netflix</ownerDesignName>
<shouldEngineer>false</shouldEngineer>
<engineerTo>
<item key="DC4FD6CA-04D2-AA93-3438-FE269600FBC8" value="false"/>
</engineerTo>
<pk>true</pk>
<usedAttributes>
<attributeRef>330DBCC4-7BB0-473F-3056-40E9BAAF7683</attributeRef>
</usedAttributes>
</identifier>
</identifiers>
</Entity>