<?xml version = '1.0' encoding = 'UTF-8'?>
<Entity class="oracle.dbtools.crest.model.design.logical.Entity" directorySegmentName="seg_0" id="E71586CC-7BBB-B719-F786-6E835BD95D2A" name="PAGO">
<createdBy>57318</createdBy>
<createdTime>2024-08-23 18:22:20 UTC</createdTime>
<ownerDesignName>modelo de netflix</ownerDesignName>
<engineerTo>
<item key="DC4FD6CA-04D2-AA93-3438-FE269600FBC8" value="true"/>
</engineerTo>
<adequatelyNormalized>NO</adequatelyNormalized>
<expectedVolumes>0</expectedVolumes>
<fwdEngineeringStrategyName>Single Table</fwdEngineeringStrategyName>
<growthPercent>0</growthPercent>
<growthType>Year</growthType>
<maxVolumes>9999999</maxVolumes>
<minVolumes>0</minVolumes>
<normalForm>Third</normalForm>
<attributes itemClass="oracle.dbtools.crest.model.design.logical.Attribute">
<Attribute name="id_pago " id="99DCBEE7-E6D8-633D-3F4F-D06E72BD2912">
<createdBy>57318</createdBy>
<createdTime>2024-08-23 18:22:35 UTC</createdTime>
<ownerDesignName>modelo de netflix</ownerDesignName>
<engineerTo>
<item key="DC4FD6CA-04D2-AA93-3438-FE269600FBC8" value="true"/>
</engineerTo>
<useDomainConstraints>false</useDomainConstraints>
<use>1</use>
<logicalDatatype>LOGDT011</logicalDatatype>
<ownDataTypeParameters>,,</ownDataTypeParameters>
</Attribute>
<Attribute name="monto" id="7C3126AE-ED38-B8F8-52FC-28E84655FE9C">
<createdBy>57318</createdBy>
<createdTime>2024-08-23 18:23:23 UTC</createdTime>
<ownerDesignName>modelo de netflix</ownerDesignName>
<engineerTo>
<item key="DC4FD6CA-04D2-AA93-3438-FE269600FBC8" value="true"/>
</engineerTo>
<useDomainConstraints>false</useDomainConstraints>
<use>1</use>
<logicalDatatype>LOGDT043</logicalDatatype>
<ownDataTypeParameters>,,</ownDataTypeParameters>
</Attribute>
<Attribute name="fecha_pago" id="8D59D12C-C4D5-C450-111F-C6BE5BE76C13">
<createdBy>57318</createdBy>
<createdTime>2024-08-23 18:23:49 UTC</createdTime>
<ownerDesignName>modelo de netflix</ownerDesignName>
<engineerTo>
<item key="DC4FD6CA-04D2-AA93-3438-FE269600FBC8" value="true"/>
</engineerTo>
<useDomainConstraints>false</useDomainConstraints>
<use>1</use>
<logicalDatatype>LOGDT007</logicalDatatype>
<ownDataTypeParameters>,,</ownDataTypeParameters>
</Attribute>
<Attribute name="metodo_pago" id="693FB22B-F307-244B-CBB9-18D360CB3274">
<createdBy>57318</createdBy>
<createdTime>2024-08-23 18:24:02 UTC</createdTime>
<ownerDesignName>modelo de netflix</ownerDesignName>
<engineerTo>
<item key="DC4FD6CA-04D2-AA93-3438-FE269600FBC8" value="true"/>
</engineerTo>
<useDomainConstraints>false</useDomainConstraints>
<use>1</use>
<logicalDatatype>LOGDT024</logicalDatatype>
<dataTypeSize>50</dataTypeSize>
<ownDataTypeParameters>50,,</ownDataTypeParameters>
</Attribute>
<Attribute name="suscripcion_duracion" id="D83EC959-95C1-63B8-D75C-6B486ADBBB1F">
<createdBy>57318</createdBy>
<createdTime>2024-08-23 18:24:35 UTC</createdTime>
<ownerDesignName>modelo de netflix</ownerDesignName>
<engineerTo>
<item key="DC4FD6CA-04D2-AA93-3438-FE269600FBC8" value="true"/>
</engineerTo>
<useDomainConstraints>false</useDomainConstraints>
<use>1</use>
<logicalDatatype>LOGDT024</logicalDatatype>
<dataTypeSize>50</dataTypeSize>
<ownDataTypeParameters>50,,</ownDataTypeParameters>
</Attribute>
<Attribute name="fecha_expiracion" id="366163B8-E840-AA60-F78D-B74F2C676A16">
<createdBy>57318</createdBy>
<createdTime>2024-08-23 18:24:46 UTC</createdTime>
<ownerDesignName>modelo de netflix</ownerDesignName>
<engineerTo>
<item key="DC4FD6CA-04D2-AA93-3438-FE269600FBC8" value="true"/>
</engineerTo>
<useDomainConstraints>false</useDomainConstraints>
<use>1</use>
<logicalDatatype>LOGDT007</logicalDatatype>
<ownDataTypeParameters>,,</ownDataTypeParameters>
</Attribute>
<Attribute name="id_usuario" id="17C8DCB1-3F74-4A78-57CF-2F0507FD06AB">
<createdBy>57318</createdBy>
<createdTime>2024-08-23 18:29:22 UTC</createdTime>
<generatorID>E720A01B-EEFC-40A7-C612-0E4323ADCD4E</generatorID>
<ownerDesignName>modelo de netflix</ownerDesignName>
<engineerTo>
<item key="DC4FD6CA-04D2-AA93-3438-FE269600FBC8" value="true"/>
</engineerTo>
<referedAttribute>20C40B3D-9F82-F919-E8EC-ABD844367CCC</referedAttribute>
<useDomainConstraints>false</useDomainConstraints>
<use>1</use>
<logicalDatatype>LOGDT011</logicalDatatype>
<ownDataTypeParameters>,,</ownDataTypeParameters>
</Attribute>
<Attribute name="estado_pago" id="61559BD7-97C6-EF2D-6AD8-48E3FD4A26E1">
<createdBy>57318</createdBy>
<createdTime>2024-08-24 00:49:24 UTC</createdTime>
<ownerDesignName>modelo de netflix</ownerDesignName>
<engineerTo>
<item key="DC4FD6CA-04D2-AA93-3438-FE269600FBC8" value="true"/>
</engineerTo>
<useDomainConstraints>false</useDomainConstraints>
<use>1</use>
<logicalDatatype>LOGDT006</logicalDatatype>
<dataTypeSize>1</dataTypeSize>
<ownDataTypeParameters>1,,</ownDataTypeParameters>
</Attribute>
</attributes>
<identifiers itemClass="oracle.dbtools.crest.model.design.logical.CandidateKey">
<identifier id="D7F138F7-233B-7D8E-6CD2-B5862FEFD4FC" name="PAGO PK">
<createdBy>57318</createdBy>
<createdTime>2024-08-23 18:22:42 UTC</createdTime>
<ownerDesignName>modelo de netflix</ownerDesignName>
<engineerTo>
<item key="DC4FD6CA-04D2-AA93-3438-FE269600FBC8" value="true"/>
</engineerTo>
<pk>true</pk>
<usedAttributes>
<attributeRef>99DCBEE7-E6D8-633D-3F4F-D06E72BD2912</attributeRef>
</usedAttributes>
</identifier>
</identifiers>
</Entity>