<?xml version = '1.0' encoding = 'UTF-8'?>
<relationalModel class="oracle.dbtools.crest.model.design.relational.RelationalDesign" name="Relational_1" id="DC4FD6CA-04D2-AA93-3438-FE269600FBC8" mainViewID="B0967D3C-09B3-734B-D5F5-A9708CDC7FDF">
<createdBy>57318</createdBy>
<createdTime>2024-08-21 23:45:24 UTC</createdTime>
<ownerDesignName>modelo de netflix</ownerDesignName>
<shouldBeOpen>false</shouldBeOpen>
<selectedRDBMSSite>32076570-2523-435C-2E92-BF29817DFF70</selectedRDBMSSite>
</relationalModel>