<?xml version = '1.0' encoding = 'UTF-8'?>
<FKIndexAssociation class="oracle.dbtools.crest.model.design.relational.FKIndexAssociation" directorySegmentName="seg_0" id="5AE4BE6C-B3A8-5D76-59D2-E7A31F7953DD" containerWithKeyObject="192ECE05-8F1D-0FCF-D776-9D5ED96B9FA7" localFKIndex="56650B5E-EFD7-80DF-CED6-011478033068" name="PAGO_USUARIO_FK">
<createdBy>57318</createdBy>
<createdTime>2024-08-24 01:06:15 UTC</createdTime>
<generatorID>E720A01B-EEFC-40A7-C612-0E4323ADCD4E</generatorID>
<ownerDesignName>modelo de netflix</ownerDesignName>
<referredTableLongName>USUARIO</referredTableLongName>
<deleteRule>NO ACTION</deleteRule>
<referredTableID>1886DEFF-CF05-3214-ACF9-2635CD537A65</referredTableID>
<keyObject>00E6D428-B4E6-AEFE-91B7-EA7FA3154FF1</keyObject>
<referredKeyID>00E6D428-B4E6-AEFE-91B7-EA7FA3154FF1</referredKeyID>
<mandatory>true</mandatory>
<refColNames>id_usuario</refColNames>
<transferable>true</transferable>
<rely>false</rely>
<columnDependencyConstraintGenerateInDDL>true</columnDependencyConstraintGenerateInDDL>
</FKIndexAssociation>