<?xml version = '1.0' encoding = 'UTF-8'?>
<FKIndexAssociation class="oracle.dbtools.crest.model.design.relational.FKIndexAssociation" directorySegmentName="seg_0" id="7BA1564F-A3F1-E00C-BE4B-3BA2ACBAF8AB" containerWithKeyObject="5398CA81-2836-CB63-26FE-7F95CBF3B072" localFKIndex="A82BB2A9-99A5-01D3-7453-B53772AFFE55" name="CONTENIDO_CONTENIDO_FK">
<createdBy>57318</createdBy>
<createdTime>2024-08-22 14:46:38 UTC</createdTime>
<generatorID>070DB593-FDAA-A503-DE57-533919416693</generatorID>
<ownerDesignName>modelo de netflix</ownerDesignName>
<referredTableLongName>CONTENIDO</referredTableLongName>
<deleteRule>NO ACTION</deleteRule>
<referredTableID>5398CA81-2836-CB63-26FE-7F95CBF3B072</referredTableID>
<keyObject>150DA869-3386-FEAC-E0E7-179CA13B0029</keyObject>
<referredKeyID>150DA869-3386-FEAC-E0E7-179CA13B0029</referredKeyID>
<mandatory>true</mandatory>
<refColNames>id_contenido</refColNames>
<transferable>true</transferable>
<rely>false</rely>
<columnDependencyConstraintGenerateInDDL>true</columnDependencyConstraintGenerateInDDL>
</FKIndexAssociation>