<?xml version = '1.0' encoding = 'UTF-8'?>
<FKIndexAssociation class="oracle.dbtools.crest.model.design.relational.FKIndexAssociation" directorySegmentName="seg_0" id="872EC282-31A0-A017-45D0-E03BFBFBA016" containerWithKeyObject="5398CA81-2836-CB63-26FE-7F95CBF3B072" localFKIndex="BBF292F2-F3DD-2F4E-500F-ECA247C7481F" name="CONTENIDO_PERFILES_FK">
<createdBy>57318</createdBy>
<createdTime>2024-08-24 01:06:15 UTC</createdTime>
<generatorID>BAE8C478-F540-10D2-D427-4BEA729182A8</generatorID>
<ownerDesignName>modelo de netflix</ownerDesignName>
<referredTableLongName>PERFILES</referredTableLongName>
<deleteRule>NO ACTION</deleteRule>
<referredTableID>26C98A08-CAF9-A93A-C7B4-198686A28845</referredTableID>
<keyObject>E4AD740C-48A6-2FA0-2870-10415F3E2DA2</keyObject>
<referredKeyID>E4AD740C-48A6-2FA0-2870-10415F3E2DA2</referredKeyID>
<mandatory>true</mandatory>
<refColNames>id_perfil</refColNames>
<transferable>true</transferable>
<rely>false</rely>
<columnDependencyConstraintGenerateInDDL>true</columnDependencyConstraintGenerateInDDL>
</FKIndexAssociation>