<?xml version = '1.0' encoding = 'UTF-8'?>
<FKIndexAssociation class="oracle.dbtools.crest.model.design.relational.FKIndexAssociation" directorySegmentName="seg_0" id="99485BBB-81A7-40B0-B659-C6A21129C96F" containerWithKeyObject="F1051124-DDD7-49CC-036A-105104CB838C" localFKIndex="E8DEA7A3-FE6A-1DF5-F475-D2E788517C90" name="EPISODIO_TEMPORADA_FK">
<createdBy>57318</createdBy>
<createdTime>2024-08-22 14:46:38 UTC</createdTime>
<generatorID>FD7DE61D-07E5-986C-87B4-BA07A0FAAC5B</generatorID>
<ownerDesignName>modelo de netflix</ownerDesignName>
<referredTableLongName>TEMPORADA</referredTableLongName>
<deleteRule>NO ACTION</deleteRule>
<referredTableID>07FA28CC-AADD-D379-A305-87A76BC09ABE</referredTableID>
<keyObject>02FEBD41-D135-CC47-8A20-6A9ECA7FA00E</keyObject>
<referredKeyID>02FEBD41-D135-CC47-8A20-6A9ECA7FA00E</referredKeyID>
<mandatory>true</mandatory>
<refColNames>id_temporada</refColNames>
<transferable>true</transferable>
<rely>false</rely>
<columnDependencyConstraintGenerateInDDL>true</columnDependencyConstraintGenerateInDDL>
</FKIndexAssociation>