<?xml version = '1.0' encoding = 'UTF-8'?>
<FKIndexAssociation class="oracle.dbtools.crest.model.design.relational.FKIndexAssociation" directorySegmentName="seg_0" id="B52C0597-C1E1-E795-BD09-8B1949F87B65" containerWithKeyObject="C24D1A90-041A-6EF9-3E5C-4A957CD22270" localFKIndex="BC6E5736-5323-826F-B7E0-30C76E34354E" name="VISUALIZACION_PERFILES_FK">
<createdBy>braya</createdBy>
<createdTime>2024-08-27 14:13:58 UTC</createdTime>
<generatorID>652E5E36-DC18-743A-D704-370EAB35E405</generatorID>
<ownerDesignName>modelo de netflix</ownerDesignName>
<referredTableLongName>PERFILES</referredTableLongName>
<deleteRule>NO ACTION</deleteRule>
<referredTableID>26C98A08-CAF9-A93A-C7B4-198686A28845</referredTableID>
<keyObject>E4AD740C-48A6-2FA0-2870-10415F3E2DA2</keyObject>
<referredKeyID>E4AD740C-48A6-2FA0-2870-10415F3E2DA2</referredKeyID>
<mandatory>true</mandatory>
<refColNames>id_perfil</refColNames>
<transferable>true</transferable>
<rely>false</rely>
<columnDependencyConstraintGenerateInDDL>true</columnDependencyConstraintGenerateInDDL>
</FKIndexAssociation>