<?xml version = '1.0' encoding = 'UTF-8'?>
<FKIndexAssociation class="oracle.dbtools.crest.model.design.relational.FKIndexAssociation" directorySegmentName="seg_0" id="E135CA76-4183-3F29-1AD4-D63FBA2D7E6B" containerWithKeyObject="C24D1A90-041A-6EF9-3E5C-4A957CD22270" localFKIndex="500C8DC1-22E9-6E78-8954-51178EFEE6B8" name="VISUALIZACION_CONTENIDO_FK">
<createdBy>57318</createdBy>
<createdTime>2024-08-24 01:06:15 UTC</createdTime>
<generatorID>D701C1DB-44BE-79EF-F123-FBBDC7A1E74A</generatorID>
<ownerDesignName>modelo de netflix</ownerDesignName>
<referredTableLongName>CONTENIDO</referredTableLongName>
<deleteRule>NO ACTION</deleteRule>
<referredTableID>5398CA81-2836-CB63-26FE-7F95CBF3B072</referredTableID>
<keyObject>150DA869-3386-FEAC-E0E7-179CA13B0029</keyObject>
<referredKeyID>150DA869-3386-FEAC-E0E7-179CA13B0029</referredKeyID>
<mandatory>true</mandatory>
<refColNames>id_contenido</refColNames>
<transferable>true</transferable>
<rely>false</rely>
<columnDependencyConstraintGenerateInDDL>true</columnDependencyConstraintGenerateInDDL>
</FKIndexAssociation>