<?xml version = '1.0' encoding = 'UTF-8'?>
<FKIndexAssociation class="oracle.dbtools.crest.model.design.relational.FKIndexAssociation" directorySegmentName="seg_0" id="E387E2DF-B2DA-5031-15DD-12CB6A3497FA" containerWithKeyObject="26C98A08-CAF9-A93A-C7B4-198686A28845" localFKIndex="954BB018-FC04-C366-0136-E8D35FF6F225" name="PERFILES_USUARIO_FK">
<createdBy>57318</createdBy>
<createdTime>2024-08-22 14:46:38 UTC</createdTime>
<generatorID>66E20FB7-C89D-6E79-B2DE-809AA45D8C5F</generatorID>
<ownerDesignName>modelo de netflix</ownerDesignName>
<referredTableLongName>USUARIO</referredTableLongName>
<deleteRule>NO ACTION</deleteRule>
<referredTableID>1886DEFF-CF05-3214-ACF9-2635CD537A65</referredTableID>
<keyObject>00E6D428-B4E6-AEFE-91B7-EA7FA3154FF1</keyObject>
<referredKeyID>00E6D428-B4E6-AEFE-91B7-EA7FA3154FF1</referredKeyID>
<mandatory>true</mandatory>
<refColNames>id_usuario</refColNames>
<transferable>true</transferable>
<rely>false</rely>
<columnDependencyConstraintGenerateInDDL>true</columnDependencyConstraintGenerateInDDL>
</FKIndexAssociation>