<?xml version = '1.0' encoding = 'UTF-8'?>
<FKIndexAssociation class="oracle.dbtools.crest.model.design.relational.FKIndexAssociation" directorySegmentName="seg_0" id="FA3AF741-E23E-E4EE-BA27-6AE6E17583DF" containerWithKeyObject="07FA28CC-AADD-D379-A305-87A76BC09ABE" localFKIndex="47F2736C-6FAD-BE1C-DBD6-A93DD4337F87" name="TEMPORADA_CONTENIDO_FK">
<createdBy>57318</createdBy>
<createdTime>2024-08-22 14:46:38 UTC</createdTime>
<generatorID>DA82E4D1-384A-A33A-89A9-63277270B132</generatorID>
<ownerDesignName>modelo de netflix</ownerDesignName>
<referredTableLongName>CONTENIDO</referredTableLongName>
<deleteRule>NO ACTION</deleteRule>
<referredTableID>5398CA81-2836-CB63-26FE-7F95CBF3B072</referredTableID>
<keyObject>150DA869-3386-FEAC-E0E7-179CA13B0029</keyObject>
<referredKeyID>150DA869-3386-FEAC-E0E7-179CA13B0029</referredKeyID>
<mandatory>true</mandatory>
<refColNames>id_contenido</refColNames>
<transferable>true</transferable>
<rely>false</rely>
<columnDependencyConstraintGenerateInDDL>true</columnDependencyConstraintGenerateInDDL>
</FKIndexAssociation>