<?xml version = '1.0' encoding = 'UTF-8'?>
<Diagram class="oracle.dbtools.crest.swingui.relational.DPVRelational" name="Relational_1" id="B0967D3C-09B3-734B-D5F5-A9708CDC7FDF">
<createdBy>57318</createdBy>
<modifiedBy>57318</modifiedBy>
<createdTime>2024-08-22 00:31:20 UTC</createdTime>
<autoRoute>false</autoRoute>
<boxInbox>true</boxInbox>
<showLegend>false</showLegend>
<showLabels>false</showLabels>
<showRelAttributes>false</showRelAttributes>
<gridEnabled>false</gridEnabled>
<showGrid>false</showGrid>
<diagramColor>-1</diagramColor>
<display>false</display>
<notation>1</notation>
<objectViews>
<OView class="oracle.dbtools.crest.swingui.relational.TVTable" oid="07FA28CC-AADD-D379-A305-87A76BC09ABE" otype="Table" vid="EBAA3F42-B307-A1D6-E51A-84B0266FA625">
<hideElementsInCurrentOnly>false</hideElementsInCurrentOnly>
<bounds x="555" y="361" width="293" height="128"/>
</OView>
<OView class="oracle.dbtools.crest.swingui.relational.TVTable" oid="1886DEFF-CF05-3214-ACF9-2635CD537A65" otype="Table" vid="D7F7FA9B-F66D-94BA-C6E7-958C90EE46FA">
<hideElementsInCurrentOnly>false</hideElementsInCurrentOnly>
<bounds x="60" y="347" width="190" height="212"/>
</OView>
<OView class="oracle.dbtools.crest.swingui.relational.TVTable" oid="192ECE05-8F1D-0FCF-D776-9D5ED96B9FA7" otype="Table" vid="9E5C638D-7552-8211-90D1-90E7313495EC">
<hideElementsInCurrentOnly>false</hideElementsInCurrentOnly>
<bounds x="43" y="669" width="232" height="144"/>
</OView>
<OView class="oracle.dbtools.crest.swingui.relational.TVTable" oid="26C98A08-CAF9-A93A-C7B4-198686A28845" otype="Table" vid="A328A0E3-C44F-B5F3-E8D8-05D5C26151F1">
<hideElementsInCurrentOnly>false</hideElementsInCurrentOnly>
<bounds x="60" y="46" width="177" height="138"/>
</OView>
<OView class="oracle.dbtools.crest.swingui.relational.TVTable" oid="5398CA81-2836-CB63-26FE-7F95CBF3B072" otype="Table" vid="1EE8138F-F4AB-3B68-9BD3-B408901EE7AF">
<hideElementsInCurrentOnly>false</hideElementsInCurrentOnly>
<bounds x="567" y="11" width="286" height="171"/>
</OView>
<OView class="oracle.dbtools.crest.swingui.relational.TVTable" oid="C24D1A90-041A-6EF9-3E5C-4A957CD22270" otype="Table" vid="FE2AC1D6-F8B9-F6D3-B7B8-AEA14734942A">
<hideElementsInCurrentOnly>false</hideElementsInCurrentOnly>
<bounds x="305" y="291" width="227" height="85"/>
</OView>
<OView class="oracle.dbtools.crest.swingui.relational.TVTable" oid="F1051124-DDD7-49CC-036A-105104CB838C" otype="Table" vid="79B238D4-F86F-BBD0-B4CB-A4472965C404">
<hideElementsInCurrentOnly>false</hideElementsInCurrentOnly>
<bounds x="555" y="559" width="333" height="169"/>
</OView>
</objectViews>
<connectors>
<Connector class="oracle.dbtools.crest.swingui.relational.TVFKRelation" oid="5AE4BE6C-B3A8-5D76-59D2-E7A31F7953DD" otype="FKIndexAssociation" vid_source="D7F7FA9B-F66D-94BA-C6E7-958C90EE46FA" vid_target="9E5C638D-7552-8211-90D1-90E7313495EC">
<hideElementsInCurrentOnly>false</hideElementsInCurrentOnly>
<backgroundColor>-16777216</backgroundColor>
<lineWidth>1</lineWidth>
<points>
<point x="155" y="559"/>
<point x="155" y="669"/>
</points>
</Connector>
<Connector class="oracle.dbtools.crest.swingui.relational.TVFKRelation" oid="7BA1564F-A3F1-E00C-BE4B-3BA2ACBAF8AB" otype="FKIndexAssociation" vid_source="1EE8138F-F4AB-3B68-9BD3-B408901EE7AF" vid_target="1EE8138F-F4AB-3B68-9BD3-B408901EE7AF">
<hideElementsInCurrentOnly>false</hideElementsInCurrentOnly>
<backgroundColor>-16777216</backgroundColor>
<lineWidth>1</lineWidth>
<points>
<point x="853" y="90"/>
<point x="882" y="90"/>
<point x="881" y="206"/>
<point x="714" y="206"/>
<point x="714" y="182"/>
</points>
</Connector>
<Connector class="oracle.dbtools.crest.swingui.relational.TVFKRelation" oid="872EC282-31A0-A017-45D0-E03BFBFBA016" otype="FKIndexAssociation" vid_source="A328A0E3-C44F-B5F3-E8D8-05D5C26151F1" vid_target="1EE8138F-F4AB-3B68-9BD3-B408901EE7AF">
<hideElementsInCurrentOnly>false</hideElementsInCurrentOnly>
<backgroundColor>-16777216</backgroundColor>
<lineWidth>1</lineWidth>
<points>
<point x="237" y="114"/>
<point x="567" y="114"/>
</points>
</Connector>
<Connector class="oracle.dbtools.crest.swingui.relational.TVFKRelation" oid="99485BBB-81A7-40B0-B659-C6A21129C96F" otype="FKIndexAssociation" vid_source="EBAA3F42-B307-A1D6-E51A-84B0266FA625" vid_target="79B238D4-F86F-BBD0-B4CB-A4472965C404">
<hideElementsInCurrentOnly>false</hideElementsInCurrentOnly>
<backgroundColor>-16777216</backgroundColor>
<lineWidth>1</lineWidth>
<points>
<point x="701" y="489"/>
<point x="701" y="559"/>
</points>
</Connector>
<Connector class="oracle.dbtools.crest.swingui.relational.TVFKRelation" oid="B52C0597-C1E1-E795-BD09-8B1949F87B65" otype="FKIndexAssociation" vid_source="A328A0E3-C44F-B5F3-E8D8-05D5C26151F1" vid_target="FE2AC1D6-F8B9-F6D3-B7B8-AEA14734942A">
<hideElementsInCurrentOnly>false</hideElementsInCurrentOnly>
<backgroundColor>-16777216</backgroundColor>
<lineWidth>1</lineWidth>
<points>
<point x="237" y="159"/>
<point x="331" y="244"/>
</points>
</Connector>
<Connector class="oracle.dbtools.crest.swingui.relational.TVFKRelation" oid="E135CA76-4183-3F29-1AD4-D63FBA2D7E6B" otype="FKIndexAssociation" vid_source="1EE8138F-F4AB-3B68-9BD3-B408901EE7AF" vid_target="FE2AC1D6-F8B9-F6D3-B7B8-AEA14734942A">
<hideElementsInCurrentOnly>false</hideElementsInCurrentOnly>
<backgroundColor>-16777216</backgroundColor>
<lineWidth>1</lineWidth>
<points>
<point x="567" y="156"/>
<point x="462" y="244"/>
</points>
</Connector>
<Connector class="oracle.dbtools.crest.swingui.relational.TVFKRelation" oid="E387E2DF-B2DA-5031-15DD-12CB6A3497FA" otype="FKIndexAssociation" vid_source="D7F7FA9B-F66D-94BA-C6E7-958C90EE46FA" vid_target="A328A0E3-C44F-B5F3-E8D8-05D5C26151F1">
<hideElementsInCurrentOnly>false</hideElementsInCurrentOnly>
<backgroundColor>-16777216</backgroundColor>
<lineWidth>1</lineWidth>
<points>
<point x="148" y="347"/>
<point x="148" y="184"/>
</points>
</Connector>
<Connector class="oracle.dbtools.crest.swingui.relational.TVFKRelation" oid="FA3AF741-E23E-E4EE-BA27-6AE6E17583DF" otype="FKIndexAssociation" vid_source="1EE8138F-F4AB-3B68-9BD3-B408901EE7AF" vid_target="EBAA3F42-B307-A1D6-E51A-84B0266FA625">
<hideElementsInCurrentOnly>false</hideElementsInCurrentOnly>
<backgroundColor>-16777216</backgroundColor>
<lineWidth>1</lineWidth>
<points>
<point x="692" y="182"/>
<point x="692" y="361"/>
</points>
</Connector>
</connectors>
</Diagram>